Name of order,Slug,Collection ID,Item ID,Archived,Draft,Created On,Updated On,Published On,link,Date of order,Number of order,url,logo of order
Про анулювання ліцензії ТОВ СЛАВ ТРЕВЕЛ,02-03-2023-pro-anulyuvannya-licenziyi-tov-slav-trevel,66211aa77232900849a027bf,662182deef058c1c19e2e6e0,false,false,Thu Apr 18 2024 20:30:22 GMT+0000 (Coordinated Universal Time),Wed Dec 11 2024 16:23:47 GMT+0000 (Coordinated Universal Time),Tue Dec 31 2024 12:08:23 GMT+0000 (Coordinated Universal Time),https://cdn.prod.website-files.com/5fe0d678b18d7e19e32c3389/6756da380ce435914eed04eb_order18-2023.pdf,Thu Mar 02 2023 00:00:00 GMT+0000 (Coordinated Universal Time),18,https://cdn.prod.website-files.com/5fe0d678b18d7e19e32c3389/6756da380ce435914eed04eb_order18-2023.pdf,https://cdn.prod.website-files.com/5fe0d92bbc950c2267f450c4/6759b56ad4b2a6b67daacc6b_64d53ee2f21eba751d016538_logo_word.svg
"Про видачу ліцензії ТОВ ""ЮНІФЛАЙ""",06-06-2023-r-pro-vidachu-licenziyi-tov-yuniflay,66211aa77232900849a027bf,66218a5fbb3b716ea84156ab,false,false,Thu Apr 18 2024 21:02:23 GMT+0000 (Coordinated Universal Time),Wed Dec 11 2024 16:20:51 GMT+0000 (Coordinated Universal Time),Tue Dec 31 2024 12:08:23 GMT+0000 (Coordinated Universal Time),https://cdn.prod.website-files.com/5fe0d678b18d7e19e32c3389/6756da05934e4a13e06ef2bf_order72-2023.pdf,Tue Jun 06 2023 00:00:00 GMT+0000 (Coordinated Universal Time),72,https://cdn.prod.website-files.com/5fe0d678b18d7e19e32c3389/6756da05934e4a13e06ef2bf_order72-2023.pdf,https://cdn.prod.website-files.com/5fe0d92bbc950c2267f450c4/6759b56ad4b2a6b67daacc6b_64d53ee2f21eba751d016538_logo_word.svg
Про нові редакції додатка до наказу ДАРТ від 19.08.2020 № 42 та затвердженого ним положення,nakaz-pro-novi-redakciyi-dodatka-do-nakazu-dart-vid-19-08-2020-no-42-ta-zatverdzhenogo-nim-polozhennya,66211aa77232900849a027bf,66218afc7f75baf8c533f10f,false,false,Thu Apr 18 2024 21:05:00 GMT+0000 (Coordinated Universal Time),Wed Dec 11 2024 16:20:28 GMT+0000 (Coordinated Universal Time),Tue Dec 31 2024 12:08:23 GMT+0000 (Coordinated Universal Time),https://assets-global.website-files.com/5fe0d678b18d7e19e32c3389/649d7ec857c468e532689497_%D0%BD%D0%B0%D0%BA%D0%B0%D0%B7%20%D1%80%D0%BE%D0%B1%D0%BE%D1%87%D0%B0%20%D0%B3%D1%80%D1%83%D0%BF%D0%B0%20%D0%B7%20%D0%B4%D0%BE%D0%B4%D0%B0%D1%82%D0%BA%D0%B0%D0%BC%D0%B8.pdf,Fri Jun 23 2023 00:00:00 GMT+0000 (Coordinated Universal Time),76,https://assets-global.website-files.com/5fe0d678b18d7e19e32c3389/649d7ec857c468e532689497_%D0%BD%D0%B0%D0%BA%D0%B0%D0%B7%20%D1%80%D0%BE%D0%B1%D0%BE%D1%87%D0%B0%20%D0%B3%D1%80%D1%83%D0%BF%D0%B0%20%D0%B7%20%D0%B4%D0%BE%D0%B4%D0%B0%D1%82%D0%BA%D0%B0%D0%BC%D0%B8.pdf,https://cdn.prod.website-files.com/5fe0d92bbc950c2267f450c4/6759b56ad4b2a6b67daacc6b_64d53ee2f21eba751d016538_logo_word.svg
"Про затвердження Переліку відомостей, що становлять службову інформацію в Державному агентстві розвитку туризму України",nakaz-pro-zatverdzhennya-pereliku-vidomostey-shcho-stanovlyat-sluzhbovu-informaciyu-v-derzhavnomu-agentstvi-rozvitku-turizmu-ukrayini,66211aa77232900849a027bf,66218b48b989690646443da0,false,false,Thu Apr 18 2024 21:06:16 GMT+0000 (Coordinated Universal Time),Wed Dec 11 2024 16:20:08 GMT+0000 (Coordinated Universal Time),Tue Dec 31 2024 12:08:23 GMT+0000 (Coordinated Universal Time),https://assets-global.website-files.com/5fe0d678b18d7e19e32c3389/6495938b8c53d703ce4310ad_dsk_merged.pdf,Fri Jun 23 2023 00:00:00 GMT+0000 (Coordinated Universal Time),77,https://assets-global.website-files.com/5fe0d678b18d7e19e32c3389/6495938b8c53d703ce4310ad_dsk_merged.pdf,https://cdn.prod.website-files.com/5fe0d92bbc950c2267f450c4/6759b56ad4b2a6b67daacc6b_64d53ee2f21eba751d016538_logo_word.svg
Орієнтовний план консультацій з громадськістю на 2023 рік,oriientovniy-plan-konsultaciy-z-gromadskistyu-na-2023-rik,66211aa77232900849a027bf,662137966967bf5e6c6b1e04,false,false,Thu Apr 18 2024 15:09:10 GMT+0000 (Coordinated Universal Time),Wed Dec 11 2024 16:25:06 GMT+0000 (Coordinated Universal Time),Tue Dec 31 2024 12:08:23 GMT+0000 (Coordinated Universal Time),https://cdn.prod.website-files.com/5fe0d678b18d7e19e32c3389/674f2d4f34afcfcf15d1b258_plan-of-consultation2023.pdf,Mon Dec 12 2022 00:00:00 GMT+0000 (Coordinated Universal Time),78,https://cdn.prod.website-files.com/5fe0d678b18d7e19e32c3389/674f2d4f34afcfcf15d1b258_plan-of-consultation2023.pdf,https://cdn.prod.website-files.com/5fe0d92bbc950c2267f450c4/6759b56ad4b2a6b67daacc6b_64d53ee2f21eba751d016538_logo_word.svg
"Про анулювання ліцензії підприємству Тернопільської обласної громадської організації ""Студентський спортивний клуб ""Універ""""",pro-anulyuvannya-licenziyi-pidpriiemstvu-ternopilskoyi-oblasnoyi-gromadskoyi-organizaciyi-studentskiy-sportivniy-klub-univer,66211aa77232900849a027bf,6621836fab66c34d990a05f9,false,false,Thu Apr 18 2024 20:32:47 GMT+0000 (Coordinated Universal Time),Wed Dec 11 2024 16:23:14 GMT+0000 (Coordinated Universal Time),Tue Dec 31 2024 12:08:23 GMT+0000 (Coordinated Universal Time),https://cdn.prod.website-files.com/5fe0d678b18d7e19e32c3389/6756da28530576043030285c_order29-2023.pdf,Thu Mar 16 2023 00:00:00 GMT+0000 (Coordinated Universal Time),29,https://cdn.prod.website-files.com/5fe0d678b18d7e19e32c3389/6756da28530576043030285c_order29-2023.pdf,https://cdn.prod.website-files.com/5fe0d92bbc950c2267f450c4/6759b56ad4b2a6b67daacc6b_64d53ee2f21eba751d016538_logo_word.svg
Про анулювання ліцензії ПП «АКТОРІЯ»,pro-anulyuvannya-licenziyi-pp-aktoriya,66211aa77232900849a027bf,675707368c91fe3f2f9826f9,false,false,Mon Dec 09 2024 15:05:26 GMT+0000 (Coordinated Universal Time),Wed Dec 11 2024 16:02:14 GMT+0000 (Coordinated Universal Time),Tue Dec 31 2024 12:08:23 GMT+0000 (Coordinated Universal Time),https://cdn.prod.website-files.com/5fe0d678b18d7e19e32c3389/665720acc586de6faf08d9db_actoriya.pdf,Mon May 27 2024 00:00:00 GMT+0000 (Coordinated Universal Time),53,https://cdn.prod.website-files.com/5fe0d678b18d7e19e32c3389/665720acc586de6faf08d9db_actoriya.pdf,https://cdn.prod.website-files.com/5fe0d92bbc950c2267f450c4/6759b56ad4b2a6b67daacc6b_64d53ee2f21eba751d016538_logo_word.svg
Про анулювання ліцензії ПП ТРАНС ТРЕВЕЛ,pro-anulyuvannya-licenziyi-pp-trans-trevel,66211aa77232900849a027bf,66218319c24caf27d29736e8,false,false,Thu Apr 18 2024 20:31:21 GMT+0000 (Coordinated Universal Time),Wed Dec 11 2024 16:23:37 GMT+0000 (Coordinated Universal Time),Tue Dec 31 2024 12:08:23 GMT+0000 (Coordinated Universal Time),https://cdn.prod.website-files.com/5fe0d678b18d7e19e32c3389/6756da3828fecc5550b04066_order19-2023.pdf,Thu Mar 02 2023 00:00:00 GMT+0000 (Coordinated Universal Time),19,https://cdn.prod.website-files.com/5fe0d678b18d7e19e32c3389/6756da3828fecc5550b04066_order19-2023.pdf,https://cdn.prod.website-files.com/5fe0d92bbc950c2267f450c4/6759b56ad4b2a6b67daacc6b_64d53ee2f21eba751d016538_logo_word.svg
Про анулювання ліцензії ТОВ «АЛМАРІ-ТУР»,pro-anulyuvannya-licenziyi-tov-almari-tur,66211aa77232900849a027bf,6757098bd6a9761548eac0bb,false,false,Mon Dec 09 2024 15:15:23 GMT+0000 (Coordinated Universal Time),Wed Dec 11 2024 15:59:39 GMT+0000 (Coordinated Universal Time),Tue Dec 31 2024 12:08:23 GMT+0000 (Coordinated Universal Time),https://cdn.prod.website-files.com/5fe0d678b18d7e19e32c3389/66ab5e5eb0666f73a483f723_almary-tour.pdf,Wed Jul 24 2024 00:00:00 GMT+0000 (Coordinated Universal Time),68,https://cdn.prod.website-files.com/5fe0d678b18d7e19e32c3389/66ab5e5eb0666f73a483f723_almary-tour.pdf,https://cdn.prod.website-files.com/5fe0d92bbc950c2267f450c4/6759b56ad4b2a6b67daacc6b_64d53ee2f21eba751d016538_logo_word.svg
Про анулювання ліцензії ТОВ АРГОРУД,pro-anulyuvannya-licenziyi-tov-argorud,66211aa77232900849a027bf,66218255bbfcd27a70f34f59,false,false,Thu Apr 18 2024 20:28:05 GMT+0000 (Coordinated Universal Time),Wed Dec 11 2024 16:24:07 GMT+0000 (Coordinated Universal Time),Tue Dec 31 2024 12:08:23 GMT+0000 (Coordinated Universal Time),https://cdn.prod.website-files.com/5fe0d678b18d7e19e32c3389/6756da39e824d6c80a61cfe5_order9-2023.pdf,Tue Feb 21 2023 00:00:00 GMT+0000 (Coordinated Universal Time),9,https://cdn.prod.website-files.com/5fe0d678b18d7e19e32c3389/6756da39e824d6c80a61cfe5_order9-2023.pdf,https://cdn.prod.website-files.com/5fe0d92bbc950c2267f450c4/6759b56ad4b2a6b67daacc6b_64d53ee2f21eba751d016538_logo_word.svg
Про анулювання ліцензії ТОВ «ДЕЯ-ТУР»,pro-anulyuvannya-licenziyi-tov-deya-tur,66211aa77232900849a027bf,675707c187b05684856c6660,false,false,Mon Dec 09 2024 15:07:45 GMT+0000 (Coordinated Universal Time),Wed Dec 11 2024 16:01:35 GMT+0000 (Coordinated Universal Time),Tue Dec 31 2024 12:08:23 GMT+0000 (Coordinated Universal Time),https://cdn.prod.website-files.com/5fe0d678b18d7e19e32c3389/665720aaf022dc50e7e5039a_deya-tour.pdf,Mon May 27 2024 00:00:00 GMT+0000 (Coordinated Universal Time),56,https://cdn.prod.website-files.com/5fe0d678b18d7e19e32c3389/665720aaf022dc50e7e5039a_deya-tour.pdf,https://cdn.prod.website-files.com/5fe0d92bbc950c2267f450c4/6759b56ad4b2a6b67daacc6b_64d53ee2f21eba751d016538_logo_word.svg
Про анулювання ліцензії ТОВ ФІЄСТА ТРЕВЕЛС,pro-anulyuvannya-licenziyi-tov-fiiesta-trevels,66211aa77232900849a027bf,662183c224664c767982d803,false,false,Thu Apr 18 2024 20:34:10 GMT+0000 (Coordinated Universal Time),Wed Dec 11 2024 16:22:55 GMT+0000 (Coordinated Universal Time),Tue Dec 31 2024 12:08:23 GMT+0000 (Coordinated Universal Time),https://cdn.prod.website-files.com/5fe0d678b18d7e19e32c3389/6756da25baf5625c6eda9d05_order30-2023.pdf,Thu Mar 16 2023 00:00:00 GMT+0000 (Coordinated Universal Time),30,https://cdn.prod.website-files.com/5fe0d678b18d7e19e32c3389/6756da25baf5625c6eda9d05_order30-2023.pdf,https://cdn.prod.website-files.com/5fe0d92bbc950c2267f450c4/6759b56ad4b2a6b67daacc6b_64d53ee2f21eba751d016538_logo_word.svg
Про анулювання ліцензії ТОВ Г.С. ТРЕВЕЛ КЛУБ,pro-anulyuvannya-licenziyi-tov-g-s-trevel-klub,66211aa77232900849a027bf,66218216f91e1babc0689455,false,false,Thu Apr 18 2024 20:27:02 GMT+0000 (Coordinated Universal Time),Wed Dec 11 2024 16:24:17 GMT+0000 (Coordinated Universal Time),Tue Dec 31 2024 12:08:23 GMT+0000 (Coordinated Universal Time),https://cdn.prod.website-files.com/5fe0d678b18d7e19e32c3389/6756da38517bd10de4546c3c_order8-2023.pdf,Tue Feb 21 2023 00:00:00 GMT+0000 (Coordinated Universal Time),8,https://cdn.prod.website-files.com/5fe0d678b18d7e19e32c3389/6756da38517bd10de4546c3c_order8-2023.pdf,https://cdn.prod.website-files.com/5fe0d92bbc950c2267f450c4/6759b56ad4b2a6b67daacc6b_64d53ee2f21eba751d016538_logo_word.svg
Про анулювання ліцензії ТОВ ПРІМА ТУР,pro-anulyuvannya-licenziyi-tov-prima-tur,66211aa77232900849a027bf,6621834bb2f6160b7fc20ad5,false,false,Thu Apr 18 2024 20:32:11 GMT+0000 (Coordinated Universal Time),Wed Dec 11 2024 16:23:26 GMT+0000 (Coordinated Universal Time),Tue Dec 31 2024 12:08:23 GMT+0000 (Coordinated Universal Time),https://cdn.prod.website-files.com/5fe0d678b18d7e19e32c3389/6756da2594faca94fd03cde7_order20-2023.pdf,Thu Mar 02 2023 00:00:00 GMT+0000 (Coordinated Universal Time),20,https://cdn.prod.website-files.com/5fe0d678b18d7e19e32c3389/6756da2594faca94fd03cde7_order20-2023.pdf,https://cdn.prod.website-files.com/5fe0d92bbc950c2267f450c4/6759b56ad4b2a6b67daacc6b_64d53ee2f21eba751d016538_logo_word.svg
Про анулювання ліцензії ТОВ ШАФРАН,pro-anulyuvannya-licenziyi-tov-shafran,66211aa77232900849a027bf,662186bd9aadf56f1ee6cf0c,false,false,Thu Apr 18 2024 20:46:53 GMT+0000 (Coordinated Universal Time),Wed Dec 11 2024 16:21:30 GMT+0000 (Coordinated Universal Time),Tue Dec 31 2024 12:08:23 GMT+0000 (Coordinated Universal Time),https://cdn.prod.website-files.com/5fe0d678b18d7e19e32c3389/6756da05911a359e40064601_order47-2023.pdf,Tue Apr 25 2023 00:00:00 GMT+0000 (Coordinated Universal Time),47,https://cdn.prod.website-files.com/5fe0d678b18d7e19e32c3389/6756da05911a359e40064601_order47-2023.pdf,https://cdn.prod.website-files.com/5fe0d92bbc950c2267f450c4/6759b56ad4b2a6b67daacc6b_64d53ee2f21eba751d016538_logo_word.svg
Про анулювання ліцензії ТОВ «ТУРОПЕРАТОР КАЛІПСО УКРАЇНА»,pro-anulyuvannya-licenziyi-tov-turoperator-kalipso-ukrayina,66211aa77232900849a027bf,66268c65717f0d9b8fe01013,false,false,Mon Apr 22 2024 16:12:21 GMT+0000 (Coordinated Universal Time),Wed Dec 11 2024 16:05:33 GMT+0000 (Coordinated Universal Time),Tue Dec 31 2024 12:08:23 GMT+0000 (Coordinated Universal Time),https://assets-global.website-files.com/5fe0d678b18d7e19e32c3389/660ac9b1a5b22cfd88eb902b_calipso_ukr.pdf,Mon Apr 01 2024 00:00:00 GMT+0000 (Coordinated Universal Time),31,https://assets-global.website-files.com/5fe0d678b18d7e19e32c3389/660ac9b1a5b22cfd88eb902b_calipso_ukr.pdf,https://cdn.prod.website-files.com/5fe0d92bbc950c2267f450c4/6759b56ad4b2a6b67daacc6b_64d53ee2f21eba751d016538_logo_word.svg
Про анулювання ліцензії ТОВ ВІВАЛ-ТУР,pro-anulyuvannya-licenziyi-tov-vival-tur,66211aa77232900849a027bf,662186881a31fc5f9713ee1e,false,false,Thu Apr 18 2024 20:46:00 GMT+0000 (Coordinated Universal Time),Wed Dec 11 2024 16:21:42 GMT+0000 (Coordinated Universal Time),Tue Dec 31 2024 12:08:23 GMT+0000 (Coordinated Universal Time),https://cdn.prod.website-files.com/5fe0d678b18d7e19e32c3389/6756da17151d20d36032d19e_order46-2023.pdf,Tue Apr 25 2023 00:00:00 GMT+0000 (Coordinated Universal Time),46,https://cdn.prod.website-files.com/5fe0d678b18d7e19e32c3389/6756da17151d20d36032d19e_order46-2023.pdf,https://cdn.prod.website-files.com/5fe0d92bbc950c2267f450c4/6759b56ad4b2a6b67daacc6b_64d53ee2f21eba751d016538_logo_word.svg
Про анулювання лііцензії ТОВ ОРІЯНА ТУР,pro-anulyuvannya-liicenziyi-tov-oriyana-tur,66211aa77232900849a027bf,662181d56567301098d59131,false,false,Thu Apr 18 2024 20:25:57 GMT+0000 (Coordinated Universal Time),Wed Dec 11 2024 16:24:31 GMT+0000 (Coordinated Universal Time),Tue Dec 31 2024 12:08:23 GMT+0000 (Coordinated Universal Time),https://cdn.prod.website-files.com/5fe0d678b18d7e19e32c3389/674f32e63bd050c7d95c3fc4_canseling-license-oriana-tour.pdf,Tue Feb 21 2023 00:00:00 GMT+0000 (Coordinated Universal Time),7,https://cdn.prod.website-files.com/5fe0d678b18d7e19e32c3389/674f32e63bd050c7d95c3fc4_canseling-license-oriana-tour.pdf,https://cdn.prod.website-files.com/5fe0d92bbc950c2267f450c4/6759b56ad4b2a6b67daacc6b_64d53ee2f21eba751d016538_logo_word.svg
"Про обрання заступника Голови Комісії із встановлення категорій готелям та іншим об’єктам, що призначаються для надання послуг з тимчасового розміщення (проживання)",pro-obrannya-zastupnika-golovi-komisiyi-iz-vstanovlennya-kategoriy-gotelyam-ta-inshim-obiektam-shcho-priznachayutsya-dlya-nadannya-poslug-z-timchasovogo-rozmishchennya-prozhivannya,66211aa77232900849a027bf,6757078e316a61142228b7e5,false,false,Mon Dec 09 2024 15:06:54 GMT+0000 (Coordinated Universal Time),Wed Dec 11 2024 16:01:50 GMT+0000 (Coordinated Universal Time),Tue Dec 31 2024 12:08:23 GMT+0000 (Coordinated Universal Time),https://cdn.prod.website-files.com/5fe0d678b18d7e19e32c3389/665720aa0174e50ab9dd473e_order55-2024.pdf,Mon May 27 2024 00:00:00 GMT+0000 (Coordinated Universal Time),55,https://cdn.prod.website-files.com/5fe0d678b18d7e19e32c3389/665720aa0174e50ab9dd473e_order55-2024.pdf,https://cdn.prod.website-files.com/5fe0d92bbc950c2267f450c4/6759b56ad4b2a6b67daacc6b_64d53ee2f21eba751d016538_logo_word.svg
Про організацію заходів з відбору та подання кандидатів від України для участі у конкурсі «The Best Tourism Villages» від ООН Туризм (UN Tourism) у 2025 році,pro-organizaciyu-zahodiv-z-vidboru-ta-podannya-kandidativ-vid-ukrayini-dlya-uchasti-u-konkursi-the-best-tourism-villages-vid-oon-turizm-un-tourism-u-2025-roci,66211aa77232900849a027bf,67fcd3650164358f71f5eda6,false,false,Mon Apr 14 2025 09:20:37 GMT+0000 (Coordinated Universal Time),Mon Apr 14 2025 09:20:37 GMT+0000 (Coordinated Universal Time),Mon Apr 14 2025 09:20:37 GMT+0000 (Coordinated Universal Time),https://cdn.prod.website-files.com/5fe0d678b18d7e19e32c3389/67fcd30bdd68272408d19bda_%D0%9A%D1%80%D0%B0%D1%89%D1%96%20%D1%81%D0%B5%D0%BB%D0%B0.pdf,Wed Mar 05 2025 00:00:00 GMT+0000 (Coordinated Universal Time),28,https://cdn.prod.website-files.com/5fe0d678b18d7e19e32c3389/67fcd30bdd68272408d19bda_%D0%9A%D1%80%D0%B0%D1%89%D1%96%20%D1%81%D0%B5%D0%BB%D0%B0.pdf,https://cdn.prod.website-files.com/5fe0d92bbc950c2267f450c4/6759b56ad4b2a6b67daacc6b_64d53ee2f21eba751d016538_logo_word.svg
"Про особливості приймання дарунків, одержаних як подарунки державі в Державному агентстві розвитку туризму України",pro-osoblivosti-priymannya-darunkiv-oderzhanih-yak-podarunki-derzhavi-v-derzhavnomu-agentstvi-rozvitku-turizmu-ukrayini,66211aa77232900849a027bf,6757075e2fa8381c6b757f64,false,false,Mon Dec 09 2024 15:06:06 GMT+0000 (Coordinated Universal Time),Wed Dec 11 2024 16:02:02 GMT+0000 (Coordinated Universal Time),Tue Dec 31 2024 12:08:23 GMT+0000 (Coordinated Universal Time),https://cdn.prod.website-files.com/5fe0d678b18d7e19e32c3389/66606e422de4ecf08cf3e316_darunky.pdf,Mon May 27 2024 00:00:00 GMT+0000 (Coordinated Universal Time),54,https://cdn.prod.website-files.com/5fe0d678b18d7e19e32c3389/66606e422de4ecf08cf3e316_darunky.pdf,https://cdn.prod.website-files.com/5fe0d92bbc950c2267f450c4/6759b56ad4b2a6b67daacc6b_64d53ee2f21eba751d016538_logo_word.svg
"Про отримання ліцензії ТОВ ""МІДІАН""",pro-otrimannya-licenziyi-tov-midian,66211aa77232900849a027bf,66267c77d8e7437b3247c5d8,false,false,Mon Apr 22 2024 15:04:23 GMT+0000 (Coordinated Universal Time),Wed Dec 11 2024 16:11:39 GMT+0000 (Coordinated Universal Time),Tue Dec 31 2024 12:08:23 GMT+0000 (Coordinated Universal Time),https://assets-global.website-files.com/5fe0d678b18d7e19e32c3389/654b478704fcac166e31bac1_%D0%BB%D1%96%D1%86_%D1%82%D0%BE%D0%B2%20%D0%BC%D1%96%D0%B4%D0%B0%D0%BD.pdf,Fri Nov 03 2023 00:00:00 GMT+0000 (Coordinated Universal Time),140,https://assets-global.website-files.com/5fe0d678b18d7e19e32c3389/654b478704fcac166e31bac1_%D0%BB%D1%96%D1%86_%D1%82%D0%BE%D0%B2%20%D0%BC%D1%96%D0%B4%D0%B0%D0%BD.pdf,https://cdn.prod.website-files.com/5fe0d92bbc950c2267f450c4/6759b56ad4b2a6b67daacc6b_64d53ee2f21eba751d016538_logo_word.svg
Про припинення дії  ліцензії ТОВ «БІГ ФІШ-ГРУП»,pro-pripinennya-diyi-licenziyi-tov-big-fish-grup,66211aa77232900849a027bf,6913323fe5bdfcfb3eaac703,false,false,Tue Nov 11 2025 12:55:27 GMT+0000 (Coordinated Universal Time),Tue Nov 11 2025 12:56:32 GMT+0000 (Coordinated Universal Time),Fri Nov 21 2025 08:46:26 GMT+0000 (Coordinated Universal Time),https://cdn.prod.website-files.com/5fe0d678b18d7e19e32c3389/6913325c041802285e7954d4_big-fish-suspended.pdf,Mon Nov 10 2025 00:00:00 GMT+0000 (Coordinated Universal Time),111,https://cdn.prod.website-files.com/5fe0d678b18d7e19e32c3389/6913325c041802285e7954d4_big-fish-suspended.pdf,https://cdn.prod.website-files.com/5fe0d92bbc950c2267f450c4/6759b56ad4b2a6b67daacc6b_64d53ee2f21eba751d016538_logo_word.svg
Про призначення голови Наукової  ради з туризму ,pro-priznachennya-golovi-naukovoyi-radi-z-turizmu,66211aa77232900849a027bf,694407bd106e4327db2a6d55,false,false,Thu Dec 18 2025 13:55:09 GMT+0000 (Coordinated Universal Time),Thu Dec 18 2025 13:56:22 GMT+0000 (Coordinated Universal Time),Thu Jan 08 2026 12:30:37 GMT+0000 (Coordinated Universal Time),https://cdn.prod.website-files.com/5fe0d678b18d7e19e32c3389/694407e4641f57830cc0fbc6_document%20(16).pdf,Thu Dec 18 2025 00:00:00 GMT+0000 (Coordinated Universal Time),128,https://cdn.prod.website-files.com/5fe0d678b18d7e19e32c3389/694407e4641f57830cc0fbc6_document%20(16).pdf,https://cdn.prod.website-files.com/5fe0d92bbc950c2267f450c4/6759b56ad4b2a6b67daacc6b_64d53ee2f21eba751d016538_logo_word.svg
Про проведення оцінювання корупційних ризиків у діяльності Державного агентства розвитку туризму України,pro-provedennya-ocinyuvannya-korupciynih-rizikiv-u-diyalnosti-derzhavnogo-agentstva-rozvitku-turizmu-ukrayini,66211aa77232900849a027bf,6757114845f200750283a5df,false,false,Mon Dec 09 2024 15:48:24 GMT+0000 (Coordinated Universal Time),Wed Dec 11 2024 15:54:35 GMT+0000 (Coordinated Universal Time),Tue Dec 31 2024 12:08:23 GMT+0000 (Coordinated Universal Time),https://cdn.prod.website-files.com/5fe0d678b18d7e19e32c3389/6745821c6e05f41377d9c1ee_order118.pdf,Mon Nov 25 2024 00:00:00 GMT+0000 (Coordinated Universal Time),118,https://cdn.prod.website-files.com/5fe0d678b18d7e19e32c3389/6745821c6e05f41377d9c1ee_order118.pdf,https://cdn.prod.website-files.com/5fe0d92bbc950c2267f450c4/6759b56ad4b2a6b67daacc6b_64d53ee2f21eba751d016538_logo_word.svg
Про  розширення провадження туроператорської діяльності ПП «Зовнішсервіс» ,pro-rozshirennya-provadzhennya-turoperatorskoyi-diyalnosti-pp-zovnishservis,66211aa77232900849a027bf,66268893c479070080d2a5af,false,false,Mon Apr 22 2024 15:56:03 GMT+0000 (Coordinated Universal Time),Wed Dec 11 2024 16:08:15 GMT+0000 (Coordinated Universal Time),Tue Dec 31 2024 12:08:23 GMT+0000 (Coordinated Universal Time),https://assets-global.website-files.com/5fe0d678b18d7e19e32c3389/65951ff77a4d47c6fea98412_%D0%BD%D0%B0%D0%BA%D0%B0%D0%B7%201.pdf,Tue Jan 02 2024 00:00:00 GMT+0000 (Coordinated Universal Time),1,https://assets-global.website-files.com/5fe0d678b18d7e19e32c3389/65951ff77a4d47c6fea98412_%D0%BD%D0%B0%D0%BA%D0%B0%D0%B7%201.pdf,https://cdn.prod.website-files.com/5fe0d92bbc950c2267f450c4/6759b56ad4b2a6b67daacc6b_64d53ee2f21eba751d016538_logo_word.svg
Про  розширення провадження  туроператорської діяльності  ТОВ «АЛБЕНА ТРЕВЕЛ  ГРУП»,pro-rozshirennya-provadzhennya-turoperatorskoyi-diyalnosti-tov-albena-trevel-grup,66211aa77232900849a027bf,68679b8a6449ab397f451542,false,false,Fri Jul 04 2025 09:14:50 GMT+0000 (Coordinated Universal Time),Fri Jul 04 2025 09:16:54 GMT+0000 (Coordinated Universal Time),Mon Jul 07 2025 17:44:45 GMT+0000 (Coordinated Universal Time),https://cdn.prod.website-files.com/5fe0d678b18d7e19e32c3389/68679bdd6449ab397f455f55_albrna-travel.pdf,Wed Jul 02 2025 00:00:00 GMT+0000 (Coordinated Universal Time),70,https://cdn.prod.website-files.com/5fe0d678b18d7e19e32c3389/68679bdd6449ab397f455f55_albrna-travel.pdf,https://cdn.prod.website-files.com/5fe0d92bbc950c2267f450c4/6759b56ad4b2a6b67daacc6b_64d53ee2f21eba751d016538_logo_word.svg
Про створення робочої групи з оцінювання корупційних ризиків,pro-stvorennya-robochoyi-grupi-z-ocinyuvannya-korupciynih-rizikiv,66211aa77232900849a027bf,675ff6a6b9b650b554cd41aa,false,false,Mon Dec 16 2024 09:45:10 GMT+0000 (Coordinated Universal Time),Mon Dec 16 2024 09:46:46 GMT+0000 (Coordinated Universal Time),Tue Dec 31 2024 12:08:23 GMT+0000 (Coordinated Universal Time),https://cdn.prod.website-files.com/5fe0d678b18d7e19e32c3389/675ff6c07436bf3e10d9b4b6_order126.pdf,Wed Dec 11 2024 00:00:00 GMT+0000 (Coordinated Universal Time),126,https://cdn.prod.website-files.com/5fe0d678b18d7e19e32c3389/675ff6c07436bf3e10d9b4b6_order126.pdf,https://cdn.prod.website-files.com/5fe0d92bbc950c2267f450c4/6759b56ad4b2a6b67daacc6b_64d53ee2f21eba751d016538_logo_word.svg
Про утворення Комісії з питань роботи зі службовою інформацією в Державному агентстві розвитку туризму України,pro-utvorennya-komisiyi-z-pitan-roboti-zi-sluzhbovoyu-informaciieyu-v-derzhavnomu-agentstvi-rozvitku-turizmu-ukrayini,66211aa77232900849a027bf,675708c0905ef8123ee0ded0,false,false,Mon Dec 09 2024 15:12:00 GMT+0000 (Coordinated Universal Time),Wed Dec 11 2024 16:00:32 GMT+0000 (Coordinated Universal Time),Tue Dec 31 2024 12:08:23 GMT+0000 (Coordinated Universal Time),https://cdn.prod.website-files.com/5fe0d678b18d7e19e32c3389/6690fec5d2dfa8b591d2a4d8_dsk.pdf,Mon Jul 08 2024 00:00:00 GMT+0000 (Coordinated Universal Time),62,https://cdn.prod.website-files.com/5fe0d678b18d7e19e32c3389/6690fec5d2dfa8b591d2a4d8_dsk.pdf,https://cdn.prod.website-files.com/5fe0d92bbc950c2267f450c4/6759b56ad4b2a6b67daacc6b_64d53ee2f21eba751d016538_logo_word.svg
"Про утворення Комісії з визначення підприємств, установ і організацій, які мають важливе значення для національної економіки у галузі туризму в особливий період",pro-utvorennya-komisiyi-z-viznachennya-pidpriiemstv-ustanov-i-organizaciy-yaki-mayut-vazhlive-znachennya-dlya-nacionalnoyi-ekonomiki-u-galuzi-turizmu-v-osobliviy-period,66211aa77232900849a027bf,67f39976058c2eb8b988ec10,false,false,Mon Apr 07 2025 09:23:02 GMT+0000 (Coordinated Universal Time),Mon Apr 07 2025 09:24:03 GMT+0000 (Coordinated Universal Time),Thu Apr 10 2025 07:55:48 GMT+0000 (Coordinated Universal Time),https://cdn.prod.website-files.com/5fe0d678b18d7e19e32c3389/67f3999422b47050e5a2c9be_order34.pdf,Tue Apr 01 2025 00:00:00 GMT+0000 (Coordinated Universal Time),34,https://cdn.prod.website-files.com/5fe0d678b18d7e19e32c3389/67f3999422b47050e5a2c9be_order34.pdf,https://cdn.prod.website-files.com/5fe0d92bbc950c2267f450c4/6759b56ad4b2a6b67daacc6b_64d53ee2f21eba751d016538_logo_word.svg
Про утворення робочої групи,pro-utvorennya-robochoyi-grupi,66211aa77232900849a027bf,662134b1b3f978ef4ef2dd09,false,false,Thu Apr 18 2024 14:56:49 GMT+0000 (Coordinated Universal Time),Wed Dec 11 2024 16:25:39 GMT+0000 (Coordinated Universal Time),Tue Dec 31 2024 12:08:23 GMT+0000 (Coordinated Universal Time),https://cdn.prod.website-files.com/5fe0d678b18d7e19e32c3389/674f2336b0a71944c3608009_%D0%BD%D0%B0%D0%BA%D0%B0%D0%B7%20161_2021.pdf,Mon Jul 26 2021 00:00:00 GMT+0000 (Coordinated Universal Time),161,https://cdn.prod.website-files.com/5fe0d678b18d7e19e32c3389/674f2336b0a71944c3608009_%D0%BD%D0%B0%D0%BA%D0%B0%D0%B7%20161_2021.pdf,https://cdn.prod.website-files.com/5fe0d92bbc950c2267f450c4/6759b56ad4b2a6b67daacc6b_64d53ee2f21eba751d016538_logo_word.svg
Про утворення робочої групи з напрацювання пропозицій із створення набору геопросторових даних Державного кадастру природних території курортів України при ДАРТ на громадських засадах,pro-utvorennya-robochoyi-grupi-z-napracyuvannya-propoziciy-iz-stvorennya-naboru-geoprostorovih-danih-derzhavnogo-kadastru-prirodnih-teritoriyi-kurortiv-ukrayini-pri-dart-na-gromadskih-zasadah,66211aa77232900849a027bf,66219137a19c9f943ea39f59,false,false,Thu Apr 18 2024 21:31:35 GMT+0000 (Coordinated Universal Time),Wed Dec 11 2024 16:17:43 GMT+0000 (Coordinated Universal Time),Tue Dec 31 2024 12:08:23 GMT+0000 (Coordinated Universal Time),https://assets-global.website-files.com/5fe0d678b18d7e19e32c3389/64ddf8b4ab742eb1f332a9f3_geospacemeta.pdf,,,https://assets-global.website-files.com/5fe0d678b18d7e19e32c3389/64ddf8b4ab742eb1f332a9f3_geospacemeta.pdf,https://cdn.prod.website-files.com/5fe0d92bbc950c2267f450c4/6759b56ad4b2a6b67daacc6b_64d53ee2f21eba751d016538_logo_word.svg
"Про утворення робочої групи з оцінювання корупційних ризиків, затвердження її персонального складу та положення про неї",pro-utvorennya-robochoyi-grupi-z-ocinyuvannya-korupciynih-rizikiv-zatverdzhennya-yiyi-personalnogo-skladu-ta-polozhennya-pro-neyi,66211aa77232900849a027bf,66218e5fa9d0e75e0664a34d,false,false,Thu Apr 18 2024 21:19:27 GMT+0000 (Coordinated Universal Time),Wed Dec 11 2024 16:19:37 GMT+0000 (Coordinated Universal Time),Tue Dec 31 2024 12:08:23 GMT+0000 (Coordinated Universal Time),https://assets-global.website-files.com/5fe0d678b18d7e19e32c3389/64b7f2589a0fd090e2d067b1_anticor-group_merged.pdf,,,https://assets-global.website-files.com/5fe0d678b18d7e19e32c3389/64b7f2589a0fd090e2d067b1_anticor-group_merged.pdf,https://cdn.prod.website-files.com/5fe0d92bbc950c2267f450c4/6759b56ad4b2a6b67daacc6b_64d53ee2f21eba751d016538_logo_word.svg
Про утворення та затвердження  персонального складу Наукової ради  з туризму,pro-utvorennya-ta-zatverdzhennya-personalnogo-skladu-naukovoyi-radi-z-turizmu,66211aa77232900849a027bf,6942b21463be5e01069dd775,false,false,Wed Dec 17 2025 13:37:24 GMT+0000 (Coordinated Universal Time),Thu Dec 18 2025 13:49:38 GMT+0000 (Coordinated Universal Time),Thu Jan 08 2026 12:30:37 GMT+0000 (Coordinated Universal Time),https://cdn.prod.website-files.com/5fe0d678b18d7e19e32c3389/69440647fbbf267e570664b1_%D0%A0%D0%B0%D0%B4%D0%B0-%D0%B2%D0%B8%D0%BF%D1%80%D0%B0%D0%B2%D0%BB%D0%B5%D0%BD%D0%BE.pdf,Mon Dec 15 2025 00:00:00 GMT+0000 (Coordinated Universal Time),127,https://cdn.prod.website-files.com/5fe0d678b18d7e19e32c3389/69440647fbbf267e570664b1_%D0%A0%D0%B0%D0%B4%D0%B0-%D0%B2%D0%B8%D0%BF%D1%80%D0%B0%D0%B2%D0%BB%D0%B5%D0%BD%D0%BE.pdf,https://cdn.prod.website-files.com/5fe0d92bbc950c2267f450c4/6759b56ad4b2a6b67daacc6b_64d53ee2f21eba751d016538_logo_word.svg
"Про видачу ліцензії ТОВ ""ФЕМЕЛІ ТРІП""",pro-vidachu-licenzii-tov-family-trip,66211aa77232900849a027bf,6841963a877d67fc073dcfe0,false,false,Thu Jun 05 2025 13:06:02 GMT+0000 (Coordinated Universal Time),Thu Jun 05 2025 13:09:08 GMT+0000 (Coordinated Universal Time),Tue Jun 10 2025 16:41:05 GMT+0000 (Coordinated Universal Time),https://cdn.prod.website-files.com/5fe0d678b18d7e19e32c3389/684195fdfc6d6b5823b15156_famly_trip.pdf,Wed May 28 2025 00:00:00 GMT+0000 (Coordinated Universal Time),59,https://cdn.prod.website-files.com/5fe0d678b18d7e19e32c3389/684195fdfc6d6b5823b15156_famly_trip.pdf,https://cdn.prod.website-files.com/5fe0d92bbc950c2267f450c4/6759b56ad4b2a6b67daacc6b_64d53ee2f21eba751d016538_logo_word.svg
"Про видачу ліцензії ТОВ ""ФОР ГЕЙТС ТРЕВЕЛ""",pro-vidachu-licenziyi,66211aa77232900849a027bf,68624b67cc9c2745752a0939,false,false,Mon Jun 30 2025 08:31:35 GMT+0000 (Coordinated Universal Time),Mon Jun 30 2025 08:34:29 GMT+0000 (Coordinated Universal Time),Wed Jul 02 2025 07:31:43 GMT+0000 (Coordinated Universal Time),https://cdn.prod.website-files.com/5fe0d678b18d7e19e32c3389/68624ad676042170688dafc1_for-gates.pdf,Mon Jun 30 2025 00:00:00 GMT+0000 (Coordinated Universal Time),66,https://cdn.prod.website-files.com/5fe0d678b18d7e19e32c3389/68624ad676042170688dafc1_for-gates.pdf,https://cdn.prod.website-files.com/5fe0d92bbc950c2267f450c4/6759b56ad4b2a6b67daacc6b_64d53ee2f21eba751d016538_logo_word.svg
Про видачу ліцензії на право провадження туроператорської діяльності ТОВ ДЖЕЗВА МАЙС БЮРО,pro-vidachu-licenziyi-na-pravo-provadzhennya-turoperatorskoyi-diyalnosti-tov-dzhezva-mays-byuro,66211aa77232900849a027bf,66218fa9f2e7dedb97bcea86,false,false,Thu Apr 18 2024 21:24:57 GMT+0000 (Coordinated Universal Time),Wed Dec 11 2024 16:18:22 GMT+0000 (Coordinated Universal Time),Tue Dec 31 2024 12:08:23 GMT+0000 (Coordinated Universal Time),https://assets-global.website-files.com/5fe0d678b18d7e19e32c3389/64d9d1329c479466aa5119da_%D0%9D%D0%B0%D0%BA%D0%B0%D0%B7_%E2%84%96_94_%D0%B2%D1%96%D0%B4_09_08_2023_%D0%BF%D1%80%D0%BE_%D0%B2%D0%B8%D0%B4%D0%B0%D1%87%D1%83_%D0%BB%D1%96%D1%86%D0%B5%D0%BD%D0%B7%D1%96%D1%97_%D0%A2%D0%9E%D0%92_%D0%94%D0%96%D0%95%D0%97%D0%92%D0%90_%D0%9C%D0%90%D0%99%D0%A1_%D0%91%D0%AE%D0%A0%D0%9E.pdf,Wed Aug 09 2023 00:00:00 GMT+0000 (Coordinated Universal Time),94,https://assets-global.website-files.com/5fe0d678b18d7e19e32c3389/64d9d1329c479466aa5119da_%D0%9D%D0%B0%D0%BA%D0%B0%D0%B7_%E2%84%96_94_%D0%B2%D1%96%D0%B4_09_08_2023_%D0%BF%D1%80%D0%BE_%D0%B2%D0%B8%D0%B4%D0%B0%D1%87%D1%83_%D0%BB%D1%96%D1%86%D0%B5%D0%BD%D0%B7%D1%96%D1%97_%D0%A2%D0%9E%D0%92_%D0%94%D0%96%D0%95%D0%97%D0%92%D0%90_%D0%9C%D0%90%D0%99%D0%A1_%D0%91%D0%AE%D0%A0%D0%9E.pdf,https://cdn.prod.website-files.com/5fe0d92bbc950c2267f450c4/6759b56ad4b2a6b67daacc6b_64d53ee2f21eba751d016538_logo_word.svg
Про  видачу ліцензії на право провадження туроператорської діяльності ТОВ ПАЛЬМАРІЯ,pro-vidachu-licenziyi-na-pravo-provadzhennya-turoperatorskoyi-diyalnosti-tov-palmariya,66211aa77232900849a027bf,66218fe99497ce86a983f6d7,false,false,Thu Apr 18 2024 21:26:01 GMT+0000 (Coordinated Universal Time),Wed Dec 11 2024 16:18:12 GMT+0000 (Coordinated Universal Time),Tue Dec 31 2024 12:08:23 GMT+0000 (Coordinated Universal Time),https://assets-global.website-files.com/5fe0d678b18d7e19e32c3389/64d9d11655e0d58b02def9d8_%D0%9D%D0%B0%D0%BA%D0%B0%D0%B7_%E2%84%96_90_%D0%B2%D1%96%D0%B4_01_08_2023_%D1%80_%D0%BF%D1%80%D0%BE_%D0%B2%D0%B8%D0%B4%D0%B0%D1%87%D1%83_%D0%BB%D1%96%D1%86%D0%B5%D0%BD%D0%B7%D1%96%D1%97_%D0%BD%D0%B0_%D0%BF%D1%80%D0%B0%D0%B2%D0%BE_%D0%BF%D1%80%D0%BE%D0%B2%D0%B0%D0%B4%D0%B6%D0%B5%D0%BD%D0%BD%D1%8F.pdf,Tue Aug 01 2023 00:00:00 GMT+0000 (Coordinated Universal Time),90,https://assets-global.website-files.com/5fe0d678b18d7e19e32c3389/64d9d11655e0d58b02def9d8_%D0%9D%D0%B0%D0%BA%D0%B0%D0%B7_%E2%84%96_90_%D0%B2%D1%96%D0%B4_01_08_2023_%D1%80_%D0%BF%D1%80%D0%BE_%D0%B2%D0%B8%D0%B4%D0%B0%D1%87%D1%83_%D0%BB%D1%96%D1%86%D0%B5%D0%BD%D0%B7%D1%96%D1%97_%D0%BD%D0%B0_%D0%BF%D1%80%D0%B0%D0%B2%D0%BE_%D0%BF%D1%80%D0%BE%D0%B2%D0%B0%D0%B4%D0%B6%D0%B5%D0%BD%D0%BD%D1%8F.pdf,https://cdn.prod.website-files.com/5fe0d92bbc950c2267f450c4/6759b56ad4b2a6b67daacc6b_64d53ee2f21eba751d016538_logo_word.svg
 Про видачу ліцензії  ПП «ЕРІДАНІ ТУР»,pro-vidachu-licenziyi-pp-eridani-tur,66211aa77232900849a027bf,68f5e59d9e35f473a8ca96e5,false,false,Mon Oct 20 2025 07:32:45 GMT+0000 (Coordinated Universal Time),Mon Oct 20 2025 07:33:19 GMT+0000 (Coordinated Universal Time),Wed Oct 22 2025 14:32:23 GMT+0000 (Coordinated Universal Time),https://cdn.prod.website-files.com/5fe0d678b18d7e19e32c3389/68f5e35b20f16768d7cf0083_eridani-tour.pdf,Thu Oct 16 2025 00:00:00 GMT+0000 (Coordinated Universal Time),111,https://cdn.prod.website-files.com/5fe0d678b18d7e19e32c3389/68f5e35b20f16768d7cf0083_eridani-tour.pdf,https://cdn.prod.website-files.com/5fe0d92bbc950c2267f450c4/6759b56ad4b2a6b67daacc6b_64d53ee2f21eba751d016538_logo_word.svg
Про видачу ліцензії ПП «ТМД ТРЕВЕЛ»,pro-vidachu-licenziyi-pp-tmd-trevel,66211aa77232900849a027bf,675709dd42bc8be25d27258b,false,false,Mon Dec 09 2024 15:16:45 GMT+0000 (Coordinated Universal Time),Wed Dec 11 2024 15:59:26 GMT+0000 (Coordinated Universal Time),Tue Dec 31 2024 12:08:23 GMT+0000 (Coordinated Universal Time),https://cdn.prod.website-files.com/5fe0d678b18d7e19e32c3389/66ab5e5ee9916ec73affb8bc_tmd-travel.pdf,Thu Jul 25 2024 00:00:00 GMT+0000 (Coordinated Universal Time),69,https://cdn.prod.website-files.com/5fe0d678b18d7e19e32c3389/66ab5e5ee9916ec73affb8bc_tmd-travel.pdf,https://cdn.prod.website-files.com/5fe0d92bbc950c2267f450c4/6759b56ad4b2a6b67daacc6b_64d53ee2f21eba751d016538_logo_word.svg
Про видачу ліцензії ТОВ «АЛБЕНА ТРЕВЕЛ ГРУП»,pro-vidachu-licenziyi-tov-albena-trevel-grup,66211aa77232900849a027bf,66268a162b99bffcb02c11cb,false,false,Mon Apr 22 2024 16:02:30 GMT+0000 (Coordinated Universal Time),Wed Dec 11 2024 16:07:46 GMT+0000 (Coordinated Universal Time),Tue Dec 31 2024 12:08:23 GMT+0000 (Coordinated Universal Time),https://assets-global.website-files.com/5fe0d678b18d7e19e32c3389/65cddfa7736b73b908887326_albena_trevel.pdf,Tue Feb 13 2024 00:00:00 GMT+0000 (Coordinated Universal Time),16,https://assets-global.website-files.com/5fe0d678b18d7e19e32c3389/65cddfa7736b73b908887326_albena_trevel.pdf,https://cdn.prod.website-files.com/5fe0d92bbc950c2267f450c4/6759b56ad4b2a6b67daacc6b_64d53ee2f21eba751d016538_logo_word.svg
Про видачу ліцензії ТОВ «АПГРЕЙД ТРЕВЕЛ»,pro-vidachu-licenziyi-tov-apgreyd-trevel,66211aa77232900849a027bf,67570854d95cd9d8f1c6f3a9,false,false,Mon Dec 09 2024 15:10:12 GMT+0000 (Coordinated Universal Time),Wed Dec 11 2024 16:00:57 GMT+0000 (Coordinated Universal Time),Tue Dec 31 2024 12:08:23 GMT+0000 (Coordinated Universal Time),https://cdn.prod.website-files.com/5fe0d678b18d7e19e32c3389/6673eebc680cbddf56ff73c0_upgradeTravel.pdf,Thu Jun 20 2024 00:00:00 GMT+0000 (Coordinated Universal Time),59,https://cdn.prod.website-files.com/5fe0d678b18d7e19e32c3389/6673eebc680cbddf56ff73c0_upgradeTravel.pdf,https://cdn.prod.website-files.com/5fe0d92bbc950c2267f450c4/6759b56ad4b2a6b67daacc6b_64d53ee2f21eba751d016538_logo_word.svg
Про видачу ліцензії ТОВ «АПЛ Тревел»,pro-vidachu-licenziyi-tov-apl-trevel,66211aa77232900849a027bf,6757054daae5003085578a5b,false,false,Mon Dec 09 2024 14:57:17 GMT+0000 (Coordinated Universal Time),Wed Dec 11 2024 16:04:06 GMT+0000 (Coordinated Universal Time),Tue Dec 31 2024 12:08:23 GMT+0000 (Coordinated Universal Time),https://cdn.prod.website-files.com/5fe0d678b18d7e19e32c3389/66301ca13edc3191e6f99326_apl-travel.pdf,Tue Apr 23 2024 00:00:00 GMT+0000 (Coordinated Universal Time),40,https://cdn.prod.website-files.com/5fe0d678b18d7e19e32c3389/66301ca13edc3191e6f99326_apl-travel.pdf,https://cdn.prod.website-files.com/5fe0d92bbc950c2267f450c4/6759b56ad4b2a6b67daacc6b_64d53ee2f21eba751d016538_logo_word.svg
Про видачу ліцензії ТОВ «АВАЛОН БУКІНГ»,pro-vidachu-licenziyi-tov-avalon-buking,66211aa77232900849a027bf,695bbf9c732375069bce55a8,false,false,Mon Jan 05 2026 13:41:48 GMT+0000 (Coordinated Universal Time),Mon Jan 05 2026 13:50:59 GMT+0000 (Coordinated Universal Time),Thu Jan 08 2026 12:30:37 GMT+0000 (Coordinated Universal Time),https://cdn.prod.website-files.com/5fe0d678b18d7e19e32c3389/695bbbfa2b74305d15946ab1_avalon.pdf,Fri Jan 02 2026 00:00:00 GMT+0000 (Coordinated Universal Time),1,https://cdn.prod.website-files.com/5fe0d678b18d7e19e32c3389/695bbbfa2b74305d15946ab1_avalon.pdf,https://cdn.prod.website-files.com/5fe0d92bbc950c2267f450c4/6759b56ad4b2a6b67daacc6b_64d53ee2f21eba751d016538_logo_word.svg
 Про видачу ліцензії  ТОВ «БІГ ТРЕВЕЛ  ЛАЙНЕР»,pro-vidachu-licenziyi-tov-big-trevel-layner,66211aa77232900849a027bf,69007a35428a9f2d34fbd492,false,false,Tue Oct 28 2025 08:09:25 GMT+0000 (Coordinated Universal Time),Tue Oct 28 2025 08:10:19 GMT+0000 (Coordinated Universal Time),Fri Nov 07 2025 13:55:26 GMT+0000 (Coordinated Universal Time),https://cdn.prod.website-files.com/5fe0d678b18d7e19e32c3389/69007a4f58883291c398027b_big-travel.pdf,Wed Oct 22 2025 00:00:00 GMT+0000 (Coordinated Universal Time),116,https://cdn.prod.website-files.com/5fe0d678b18d7e19e32c3389/69007a4f58883291c398027b_big-travel.pdf,https://cdn.prod.website-files.com/5fe0d92bbc950c2267f450c4/6759b56ad4b2a6b67daacc6b_64d53ee2f21eba751d016538_logo_word.svg
Про видачу ліцензії  ТОВ «Дискавері»,pro-vidachu-licenziyi-tov-diskaveri,66211aa77232900849a027bf,6874a86560dd7413c3caa65e,false,false,Mon Jul 14 2025 06:49:09 GMT+0000 (Coordinated Universal Time),Mon Jul 14 2025 06:50:42 GMT+0000 (Coordinated Universal Time),Wed Jul 30 2025 18:03:45 GMT+0000 (Coordinated Universal Time),https://cdn.prod.website-files.com/5fe0d678b18d7e19e32c3389/6874a8aee9dd533c01a44b3d_discovery-lic.pdf,Thu Jul 10 2025 00:00:00 GMT+0000 (Coordinated Universal Time),75,https://cdn.prod.website-files.com/5fe0d678b18d7e19e32c3389/6874a8aee9dd533c01a44b3d_discovery-lic.pdf,https://cdn.prod.website-files.com/5fe0d92bbc950c2267f450c4/6759b56ad4b2a6b67daacc6b_64d53ee2f21eba751d016538_logo_word.svg
Про видачу ліцензії ТОВ «ДОБРИЙ ТУР»,pro-vidachu-licenziyi-tov-dobriy-tur,66211aa77232900849a027bf,67cea2c0a41b3725206bc450,false,false,Mon Mar 10 2025 08:28:48 GMT+0000 (Coordinated Universal Time),Mon Mar 10 2025 08:29:47 GMT+0000 (Coordinated Universal Time),Tue Mar 11 2025 09:42:32 GMT+0000 (Coordinated Universal Time),https://cdn.prod.website-files.com/5fe0d678b18d7e19e32c3389/67cea2dc885bc404ac3a09f0_dobry-tour.pdf,Tue Mar 04 2025 00:00:00 GMT+0000 (Coordinated Universal Time),26,https://cdn.prod.website-files.com/5fe0d678b18d7e19e32c3389/67cea2dc885bc404ac3a09f0_dobry-tour.pdf,https://cdn.prod.website-files.com/5fe0d92bbc950c2267f450c4/6759b56ad4b2a6b67daacc6b_64d53ee2f21eba751d016538_logo_word.svg
Про видачу ліцензії ТОВ ДУНАЙ ТРЕВЕЛ,pro-vidachu-licenziyi-tov-dunay-trevel,66211aa77232900849a027bf,6621864b6067837884696a1c,false,false,Thu Apr 18 2024 20:44:59 GMT+0000 (Coordinated Universal Time),Wed Dec 11 2024 16:21:52 GMT+0000 (Coordinated Universal Time),Tue Dec 31 2024 12:08:23 GMT+0000 (Coordinated Universal Time),https://cdn.prod.website-files.com/5fe0d678b18d7e19e32c3389/6756da16cc568e1bfe7424a2_order44-2023.pdf,Fri Apr 21 2023 00:00:00 GMT+0000 (Coordinated Universal Time),44,https://cdn.prod.website-files.com/5fe0d678b18d7e19e32c3389/6756da16cc568e1bfe7424a2_order44-2023.pdf,https://cdn.prod.website-files.com/5fe0d92bbc950c2267f450c4/6759b56ad4b2a6b67daacc6b_64d53ee2f21eba751d016538_logo_word.svg
Про видачу ліцензії ТОВ «ДЖАНДЖАЛА ТУР»,pro-vidachu-licenziyi-tov-dzhandzhala-tur,66211aa77232900849a027bf,6789292e1a601997f234eabd,false,false,Thu Jan 16 2025 15:43:42 GMT+0000 (Coordinated Universal Time),Thu Jan 16 2025 15:43:42 GMT+0000 (Coordinated Universal Time),Thu Jan 16 2025 15:43:42 GMT+0000 (Coordinated Universal Time),https://cdn.prod.website-files.com/5fe0d678b18d7e19e32c3389/678928c4d6f4437004e0be55_janjala-tour.pdf,Tue Jan 14 2025 00:00:00 GMT+0000 (Coordinated Universal Time),6,https://cdn.prod.website-files.com/5fe0d678b18d7e19e32c3389/678928c4d6f4437004e0be55_janjala-tour.pdf,https://cdn.prod.website-files.com/5fe0d92bbc950c2267f450c4/6759b56ad4b2a6b67daacc6b_64d53ee2f21eba751d016538_logo_word.svg
Про видачу ліцензії  ТОВ «ЕНІТУР»,pro-vidachu-licenziyi-tov-enitur,66211aa77232900849a027bf,6853b68130759d46b552340a,false,false,Thu Jun 19 2025 07:04:33 GMT+0000 (Coordinated Universal Time),Thu Jun 19 2025 07:09:59 GMT+0000 (Coordinated Universal Time),Thu Jun 19 2025 07:49:46 GMT+0000 (Coordinated Universal Time),https://cdn.prod.website-files.com/5fe0d678b18d7e19e32c3389/6853b79776180c1a0a263a39_enytour.pdf,Wed Jun 18 2025 00:00:00 GMT+0000 (Coordinated Universal Time),64,https://cdn.prod.website-files.com/5fe0d678b18d7e19e32c3389/6853b79776180c1a0a263a39_enytour.pdf,https://cdn.prod.website-files.com/5fe0d92bbc950c2267f450c4/6759b56ad4b2a6b67daacc6b_64d53ee2f21eba751d016538_logo_word.svg
Про видачу ліцензії ТОВ «ФЛАЙТ СТОР»,pro-vidachu-licenziyi-tov-flayt-stor,66211aa77232900849a027bf,67570820309a7558ef82d9d6,false,false,Mon Dec 09 2024 15:09:20 GMT+0000 (Coordinated Universal Time),Wed Dec 11 2024 16:01:10 GMT+0000 (Coordinated Universal Time),Tue Dec 31 2024 12:08:23 GMT+0000 (Coordinated Universal Time),https://cdn.prod.website-files.com/5fe0d678b18d7e19e32c3389/6672bcbf792bbc774bbf3dac_flight-store.pdf,Wed Jun 19 2024 00:00:00 GMT+0000 (Coordinated Universal Time),58,https://cdn.prod.website-files.com/5fe0d678b18d7e19e32c3389/6672bcbf792bbc774bbf3dac_flight-store.pdf,https://cdn.prod.website-files.com/5fe0d92bbc950c2267f450c4/6759b56ad4b2a6b67daacc6b_64d53ee2f21eba751d016538_logo_word.svg
Про видачу ліцензії ТОВ «ГЛОБАЛ ТУРІСТІК ЛІМІТЕД»,pro-vidachu-licenziyi-tov-global-turistik-limited,66211aa77232900849a027bf,675708807418b306d8df030e,false,false,Mon Dec 09 2024 15:10:56 GMT+0000 (Coordinated Universal Time),Wed Dec 11 2024 16:00:42 GMT+0000 (Coordinated Universal Time),Tue Dec 31 2024 12:08:23 GMT+0000 (Coordinated Universal Time),https://cdn.prod.website-files.com/5fe0d678b18d7e19e32c3389/667e6436025f3cb103a18495_global-touristic.pdf,Thu Jun 27 2024 00:00:00 GMT+0000 (Coordinated Universal Time),60,https://cdn.prod.website-files.com/5fe0d678b18d7e19e32c3389/667e6436025f3cb103a18495_global-touristic.pdf,https://cdn.prod.website-files.com/5fe0d92bbc950c2267f450c4/6759b56ad4b2a6b67daacc6b_64d53ee2f21eba751d016538_logo_word.svg
Про видачу ліцензії ТОВ ГУДТРІП ЮЕЙ,pro-vidachu-licenziyi-tov-gudtrip-yuey,66211aa77232900849a027bf,662186fadd8309830725a66f,false,false,Thu Apr 18 2024 20:47:54 GMT+0000 (Coordinated Universal Time),Wed Dec 11 2024 16:21:18 GMT+0000 (Coordinated Universal Time),Tue Dec 31 2024 12:08:23 GMT+0000 (Coordinated Universal Time),https://cdn.prod.website-files.com/5fe0d678b18d7e19e32c3389/6756da052d71dd953597f287_order61-2023.pdf,Fri May 19 2023 00:00:00 GMT+0000 (Coordinated Universal Time),61,https://cdn.prod.website-files.com/5fe0d678b18d7e19e32c3389/6756da052d71dd953597f287_order61-2023.pdf,https://cdn.prod.website-files.com/5fe0d92bbc950c2267f450c4/6759b56ad4b2a6b67daacc6b_64d53ee2f21eba751d016538_logo_word.svg
Про видачу ліцензії  ТОВ «ЄВРОТРІПС  ЛІМІТЕД»,pro-vidachu-licenziyi-tov-ievrotrips-limited,66211aa77232900849a027bf,693749a1c7f05be41d6ff37e,false,false,Mon Dec 08 2025 21:56:49 GMT+0000 (Coordinated Universal Time),Mon Dec 08 2025 21:57:44 GMT+0000 (Coordinated Universal Time),Wed Dec 10 2025 13:33:54 GMT+0000 (Coordinated Universal Time),https://cdn.prod.website-files.com/5fe0d678b18d7e19e32c3389/693749bc6e4dda69f22779ae_evrotrips-limited.pdf,Fri Dec 05 2025 00:00:00 GMT+0000 (Coordinated Universal Time),124,https://cdn.prod.website-files.com/5fe0d678b18d7e19e32c3389/693749bc6e4dda69f22779ae_evrotrips-limited.pdf,https://cdn.prod.website-files.com/5fe0d92bbc950c2267f450c4/6759b56ad4b2a6b67daacc6b_64d53ee2f21eba751d016538_logo_word.svg
"Про видачу ліцензії ТОВ ""КЛУБ ДАТУР""",pro-vidachu-licenziyi-tov-klub-datur,66211aa77232900849a027bf,66267b5470cb11bbbbf0c5c0,false,false,Mon Apr 22 2024 14:59:32 GMT+0000 (Coordinated Universal Time),Wed Dec 11 2024 16:12:47 GMT+0000 (Coordinated Universal Time),Tue Dec 31 2024 12:08:23 GMT+0000 (Coordinated Universal Time),https://assets-global.website-files.com/5fe0d678b18d7e19e32c3389/652e51d03a347ae481fdbcbc_%D0%9D%D0%B0%D0%BA%D0%B0%D0%B7_%E2%84%96_133_%D0%B2%D1%96%D0%B4_13_10_2023_%D0%9F%D1%80%D0%BE_%D0%B2%D0%B8%D0%B4%D0%B0%D1%87%D1%83_%D0%BB%D1%96%D1%86%D0%B5%D0%BD%D0%B7%D1%96%D1%97_%D0%BD%D0%B0_%D0%BF%D1%80%D0%B0%D0%B2%D0%BE_%D0%BF%D1%80%D0%BE%D0%B2%D0%B0%D0%B4%D0%B6%D0%B5%D0%BD%D0%BD%D1%8F.pdf,Thu Oct 12 2023 00:00:00 GMT+0000 (Coordinated Universal Time),133,https://assets-global.website-files.com/5fe0d678b18d7e19e32c3389/652e51d03a347ae481fdbcbc_%D0%9D%D0%B0%D0%BA%D0%B0%D0%B7_%E2%84%96_133_%D0%B2%D1%96%D0%B4_13_10_2023_%D0%9F%D1%80%D0%BE_%D0%B2%D0%B8%D0%B4%D0%B0%D1%87%D1%83_%D0%BB%D1%96%D1%86%D0%B5%D0%BD%D0%B7%D1%96%D1%97_%D0%BD%D0%B0_%D0%BF%D1%80%D0%B0%D0%B2%D0%BE_%D0%BF%D1%80%D0%BE%D0%B2%D0%B0%D0%B4%D0%B6%D0%B5%D0%BD%D0%BD%D1%8F.pdf,https://cdn.prod.website-files.com/5fe0d92bbc950c2267f450c4/6759b56ad4b2a6b67daacc6b_64d53ee2f21eba751d016538_logo_word.svg
Про видачу ліцензії ТОВ «КУЛЬБАБКА ТРЕВЕЛ»,pro-vidachu-licenziyi-tov-kulbabka-trevel,66211aa77232900849a027bf,67570ebeacbe2b10029a7552,false,false,Mon Dec 09 2024 15:37:34 GMT+0000 (Coordinated Universal Time),Wed Dec 11 2024 15:55:25 GMT+0000 (Coordinated Universal Time),Tue Dec 31 2024 12:08:23 GMT+0000 (Coordinated Universal Time),https://cdn.prod.website-files.com/5fe0d678b18d7e19e32c3389/673b0710ac5fef5f703cfd22_%D1%81ulbabka-travel.pdf,Mon Nov 11 2024 00:00:00 GMT+0000 (Coordinated Universal Time),112,https://cdn.prod.website-files.com/5fe0d678b18d7e19e32c3389/673b0710ac5fef5f703cfd22_%D1%81ulbabka-travel.pdf,https://cdn.prod.website-files.com/5fe0d92bbc950c2267f450c4/6759b56ad4b2a6b67daacc6b_64d53ee2f21eba751d016538_logo_word.svg
 Про видачу ліцензії  ТОВ «ЛАКШЕРІ ТРЕВЕЛ  ДЕПАРТМЕНТ»,pro-vidachu-licenziyi-tov-laksheri-trevel-department,66211aa77232900849a027bf,689f0d8829b56e6139bc929e,false,false,Fri Aug 15 2025 10:35:52 GMT+0000 (Coordinated Universal Time),Fri Aug 15 2025 10:37:22 GMT+0000 (Coordinated Universal Time),Fri Aug 15 2025 12:44:24 GMT+0000 (Coordinated Universal Time),https://cdn.prod.website-files.com/5fe0d678b18d7e19e32c3389/689ef6e351430df292abc89e_luxury_travel.pdf,Wed Aug 13 2025 00:00:00 GMT+0000 (Coordinated Universal Time),90,https://cdn.prod.website-files.com/5fe0d678b18d7e19e32c3389/689ef6e351430df292abc89e_luxury_travel.pdf,https://cdn.prod.website-files.com/5fe0d92bbc950c2267f450c4/6759b56ad4b2a6b67daacc6b_64d53ee2f21eba751d016538_logo_word.svg
Про видачу ліцензії ТОВ «МАЛЬВА ТРЕВЕЛ»,pro-vidachu-licenziyi-tov-malva-trevel,66211aa77232900849a027bf,67570a3deb0504b9e4b40da7,false,false,Mon Dec 09 2024 15:18:21 GMT+0000 (Coordinated Universal Time),Wed Dec 11 2024 15:59:04 GMT+0000 (Coordinated Universal Time),Tue Dec 31 2024 12:08:23 GMT+0000 (Coordinated Universal Time),https://cdn.prod.website-files.com/5fe0d678b18d7e19e32c3389/66bb60e4ce94bd2fbf21dd99_malta-travel.pdf,Wed Aug 07 2024 00:00:00 GMT+0000 (Coordinated Universal Time),73,https://cdn.prod.website-files.com/5fe0d678b18d7e19e32c3389/66bb60e4ce94bd2fbf21dd99_malta-travel.pdf,https://cdn.prod.website-files.com/5fe0d92bbc950c2267f450c4/6759b56ad4b2a6b67daacc6b_64d53ee2f21eba751d016538_logo_word.svg
 Про видачу ліцензії  ТОВ «Мережа ТАТ»,pro-vidachu-licenziyi-tov-merezha-tat,66211aa77232900849a027bf,68778ece78dc831dae94187c,false,false,Wed Jul 16 2025 11:36:46 GMT+0000 (Coordinated Universal Time),Wed Jul 16 2025 11:39:18 GMT+0000 (Coordinated Universal Time),Wed Jul 30 2025 18:03:45 GMT+0000 (Coordinated Universal Time),https://cdn.prod.website-files.com/5fe0d678b18d7e19e32c3389/68778f440a207b2d575a97ec_merezja-lic.pdf,Tue Jul 15 2025 00:00:00 GMT+0000 (Coordinated Universal Time),77,https://cdn.prod.website-files.com/5fe0d678b18d7e19e32c3389/68778f440a207b2d575a97ec_merezja-lic.pdf,https://cdn.prod.website-files.com/5fe0d92bbc950c2267f450c4/6759b56ad4b2a6b67daacc6b_64d53ee2f21eba751d016538_logo_word.svg
Про видачу ліцензії ТОВ «НА ВСІ 100 ТРЕВЕЛ»,pro-vidachu-licenziyi-tov-na-vsi-100-trevel,66211aa77232900849a027bf,67570afd954983c1d0775d06,false,false,Mon Dec 09 2024 15:21:33 GMT+0000 (Coordinated Universal Time),Wed Dec 11 2024 15:58:17 GMT+0000 (Coordinated Universal Time),Tue Dec 31 2024 12:08:23 GMT+0000 (Coordinated Universal Time),https://cdn.prod.website-files.com/5fe0d678b18d7e19e32c3389/66d6bc6e5b6fa829ea15b845_na-vsi-sto.pdf,Wed Aug 28 2024 00:00:00 GMT+0000 (Coordinated Universal Time),83,https://cdn.prod.website-files.com/5fe0d678b18d7e19e32c3389/66d6bc6e5b6fa829ea15b845_na-vsi-sto.pdf,https://cdn.prod.website-files.com/5fe0d92bbc950c2267f450c4/6759b56ad4b2a6b67daacc6b_64d53ee2f21eba751d016538_logo_word.svg
Про видачу ліцензії  ТОВ «ОСІДЕМА ТРЕВЕЛ»,pro-vidachu-licenziyi-tov-osidema-trevel,66211aa77232900849a027bf,6924321099ac1463306cc00c,false,false,Mon Nov 24 2025 10:23:12 GMT+0000 (Coordinated Universal Time),Mon Nov 24 2025 10:24:11 GMT+0000 (Coordinated Universal Time),Wed Nov 26 2025 13:48:48 GMT+0000 (Coordinated Universal Time),https://cdn.prod.website-files.com/5fe0d678b18d7e19e32c3389/6924322573cf1986920c7bac_osidema_travel.pdf,Fri Nov 21 2025 00:00:00 GMT+0000 (Coordinated Universal Time),122,https://cdn.prod.website-files.com/5fe0d678b18d7e19e32c3389/6924322573cf1986920c7bac_osidema_travel.pdf,https://cdn.prod.website-files.com/5fe0d92bbc950c2267f450c4/6759b56ad4b2a6b67daacc6b_64d53ee2f21eba751d016538_logo_word.svg
Про видачу ліцензії ТОВ «ОУПЕН ТРЕВЕЛ МАРКЕТ»,pro-vidachu-licenziyi-tov-oupen-trevel-market,66211aa77232900849a027bf,67bc85af9a890b0e166ff55a,false,false,Mon Feb 24 2025 14:43:59 GMT+0000 (Coordinated Universal Time),Mon Feb 24 2025 14:43:59 GMT+0000 (Coordinated Universal Time),Mon Feb 24 2025 14:43:59 GMT+0000 (Coordinated Universal Time),https://cdn.prod.website-files.com/5fe0d678b18d7e19e32c3389/67bc855d0b547afda4fbe1e6_open-travel-market.pdf,Mon Feb 24 2025 00:00:00 GMT+0000 (Coordinated Universal Time),25,https://cdn.prod.website-files.com/5fe0d678b18d7e19e32c3389/67bc855d0b547afda4fbe1e6_open-travel-market.pdf,https://cdn.prod.website-files.com/5fe0d92bbc950c2267f450c4/6759b56ad4b2a6b67daacc6b_64d53ee2f21eba751d016538_logo_word.svg
Про видачу ліцензії ТОВ «Рандеву Тревел»,pro-vidachu-licenziyi-tov-randevu-trevel,66211aa77232900849a027bf,66268b9721fa23947af9ea00,false,false,Mon Apr 22 2024 16:08:55 GMT+0000 (Coordinated Universal Time),Wed Dec 11 2024 16:06:17 GMT+0000 (Coordinated Universal Time),Tue Dec 31 2024 12:08:23 GMT+0000 (Coordinated Universal Time),https://assets-global.website-files.com/5fe0d678b18d7e19e32c3389/65f1b61540a82f97a308f488_randevu-travel.pdf,Tue Mar 12 2024 00:00:00 GMT+0000 (Coordinated Universal Time),26,https://assets-global.website-files.com/5fe0d678b18d7e19e32c3389/65f1b61540a82f97a308f488_randevu-travel.pdf,https://cdn.prod.website-files.com/5fe0d92bbc950c2267f450c4/6759b56ad4b2a6b67daacc6b_64d53ee2f21eba751d016538_logo_word.svg
Про видачу ліцензії ТОВ «СІМЕЙНА ВІДПУСТКА»,pro-vidachu-licenziyi-tov-simeyna-vidpustka,66211aa77232900849a027bf,66268c393dfef8ac79cad2f4,false,false,Mon Apr 22 2024 16:11:37 GMT+0000 (Coordinated Universal Time),Wed Dec 11 2024 16:05:44 GMT+0000 (Coordinated Universal Time),Tue Dec 31 2024 12:08:23 GMT+0000 (Coordinated Universal Time),https://assets-global.website-files.com/5fe0d678b18d7e19e32c3389/66042583f2e94b743b433e06_family_holidays.pdf,Tue Mar 26 2024 00:00:00 GMT+0000 (Coordinated Universal Time),30,https://assets-global.website-files.com/5fe0d678b18d7e19e32c3389/66042583f2e94b743b433e06_family_holidays.pdf,https://cdn.prod.website-files.com/5fe0d92bbc950c2267f450c4/6759b56ad4b2a6b67daacc6b_64d53ee2f21eba751d016538_logo_word.svg
Про видачу ліцензії ТОВ «СолоМіна Тревел»,pro-vidachu-licenziyi-tov-solomina-trevel,66211aa77232900849a027bf,67570c9869f0fc2b1d9c62ee,false,false,Mon Dec 09 2024 15:28:24 GMT+0000 (Coordinated Universal Time),Wed Dec 11 2024 15:57:04 GMT+0000 (Coordinated Universal Time),Tue Dec 31 2024 12:08:23 GMT+0000 (Coordinated Universal Time),https://cdn.prod.website-files.com/5fe0d678b18d7e19e32c3389/66feae2691a7319cfd2c52c7_solomina-travel.pdf,Wed Oct 02 2024 00:00:00 GMT+0000 (Coordinated Universal Time),97,https://cdn.prod.website-files.com/5fe0d678b18d7e19e32c3389/66feae2691a7319cfd2c52c7_solomina-travel.pdf,https://cdn.prod.website-files.com/5fe0d92bbc950c2267f450c4/6759b56ad4b2a6b67daacc6b_64d53ee2f21eba751d016538_logo_word.svg
Про видачу ліцензії ТОВ «СТАДІ ТРЕВЕЛ»,pro-vidachu-licenziyi-tov-stadi-trevel,66211aa77232900849a027bf,66267cd4017b941ac46fa411,false,false,Mon Apr 22 2024 15:05:56 GMT+0000 (Coordinated Universal Time),Wed Dec 11 2024 16:11:16 GMT+0000 (Coordinated Universal Time),Tue Dec 31 2024 12:08:23 GMT+0000 (Coordinated Universal Time),https://assets-global.website-files.com/5fe0d678b18d7e19e32c3389/6551e0ad2606af8e05a55be8_study_travel.pdf,Wed Nov 08 2023 00:00:00 GMT+0000 (Coordinated Universal Time),143,https://assets-global.website-files.com/5fe0d678b18d7e19e32c3389/6551e0ad2606af8e05a55be8_study_travel.pdf,https://cdn.prod.website-files.com/5fe0d92bbc950c2267f450c4/6759b56ad4b2a6b67daacc6b_64d53ee2f21eba751d016538_logo_word.svg
Про видачу ліцензії ТОВ «СТЕП АДВЕНЧЕР»,pro-vidachu-licenziyi-tov-step-advencher,66211aa77232900849a027bf,68624a87ee993c5e7822c17f,false,false,Mon Jun 30 2025 08:27:51 GMT+0000 (Coordinated Universal Time),Mon Jun 30 2025 08:34:44 GMT+0000 (Coordinated Universal Time),Wed Jul 02 2025 07:31:43 GMT+0000 (Coordinated Universal Time),https://cdn.prod.website-files.com/5fe0d678b18d7e19e32c3389/68624ad6b0ebdf5a75a7230e_step-adventure.pdf,Fri Jun 27 2025 00:00:00 GMT+0000 (Coordinated Universal Time),65,https://cdn.prod.website-files.com/5fe0d678b18d7e19e32c3389/68624ad6b0ebdf5a75a7230e_step-adventure.pdf,https://cdn.prod.website-files.com/5fe0d92bbc950c2267f450c4/6759b56ad4b2a6b67daacc6b_64d53ee2f21eba751d016538_logo_word.svg
Про видачу ліцензії ТОВ «ТО Янтур»,pro-vidachu-licenziyi-tov-to-yantur,66211aa77232900849a027bf,66268cefd0913ac82a9aca32,false,false,Mon Apr 22 2024 16:14:39 GMT+0000 (Coordinated Universal Time),Wed Dec 11 2024 16:05:02 GMT+0000 (Coordinated Universal Time),Tue Dec 31 2024 12:08:23 GMT+0000 (Coordinated Universal Time),https://assets-global.website-files.com/5fe0d678b18d7e19e32c3389/661929c890397855af99ddf7_yantour.pdf,Tue Apr 09 2024 00:00:00 GMT+0000 (Coordinated Universal Time),34,https://assets-global.website-files.com/5fe0d678b18d7e19e32c3389/661929c890397855af99ddf7_yantour.pdf,https://cdn.prod.website-files.com/5fe0d92bbc950c2267f450c4/6759b56ad4b2a6b67daacc6b_64d53ee2f21eba751d016538_logo_word.svg
Про видачу ліцензії  ТОВ «ТОКО ТУР»,pro-vidachu-licenziyi-tov-toko-tur,66211aa77232900849a027bf,68c7c4d69822d614fbe2cf40,false,false,Mon Sep 15 2025 07:48:38 GMT+0000 (Coordinated Universal Time),Mon Sep 15 2025 07:49:34 GMT+0000 (Coordinated Universal Time),Tue Sep 23 2025 15:06:07 GMT+0000 (Coordinated Universal Time),https://cdn.prod.website-files.com/5fe0d678b18d7e19e32c3389/68c7c4e9dc31fb46674d1ede_toko-tour.pdf,Thu Sep 11 2025 00:00:00 GMT+0000 (Coordinated Universal Time),100,https://cdn.prod.website-files.com/5fe0d678b18d7e19e32c3389/68c7c4e9dc31fb46674d1ede_toko-tour.pdf,https://cdn.prod.website-files.com/5fe0d92bbc950c2267f450c4/6759b56ad4b2a6b67daacc6b_64d53ee2f21eba751d016538_logo_word.svg
Про видачу ліцензії ТОВ «ТРАНСАВІА ГРУП»,pro-vidachu-licenziyi-tov-transavia-grup,66211aa77232900849a027bf,695bbdf3a58d729a47b2f319,false,false,Mon Jan 05 2026 13:34:43 GMT+0000 (Coordinated Universal Time),Mon Jan 05 2026 13:42:54 GMT+0000 (Coordinated Universal Time),Thu Jan 08 2026 12:30:37 GMT+0000 (Coordinated Universal Time),https://cdn.prod.website-files.com/5fe0d678b18d7e19e32c3389/695bbbffe7519b2f51203d29_transavia.pdf,Mon Dec 29 2025 00:00:00 GMT+0000 (Coordinated Universal Time),131,https://cdn.prod.website-files.com/5fe0d678b18d7e19e32c3389/695bbbffe7519b2f51203d29_transavia.pdf,https://cdn.prod.website-files.com/5fe0d92bbc950c2267f450c4/6759b56ad4b2a6b67daacc6b_64d53ee2f21eba751d016538_logo_word.svg
Про видачу ліцензії ТОВ «ТРАНСПОРТАЛ»,pro-vidachu-licenziyi-tov-transportal,66211aa77232900849a027bf,662185a4f91e1babc06bc6c0,false,false,Thu Apr 18 2024 20:42:12 GMT+0000 (Coordinated Universal Time),Wed Dec 11 2024 16:22:15 GMT+0000 (Coordinated Universal Time),Tue Dec 31 2024 12:08:23 GMT+0000 (Coordinated Universal Time),https://cdn.prod.website-files.com/5fe0d678b18d7e19e32c3389/6756da16924dd79d21fec9f3_order39-2023.pdf,Thu Apr 06 2023 00:00:00 GMT+0000 (Coordinated Universal Time),39,https://cdn.prod.website-files.com/5fe0d678b18d7e19e32c3389/6756da16924dd79d21fec9f3_order39-2023.pdf,https://cdn.prod.website-files.com/5fe0d92bbc950c2267f450c4/6759b56ad4b2a6b67daacc6b_64d53ee2f21eba751d016538_logo_word.svg
Про видачу ліцензії ТОВ «ТРАЙДЕНТ ХІТ»,pro-vidachu-licenziyi-tov-traydent-hit,66211aa77232900849a027bf,675704b02980c7eb8508f189,false,false,Mon Dec 09 2024 14:54:40 GMT+0000 (Coordinated Universal Time),Wed Dec 11 2024 16:04:30 GMT+0000 (Coordinated Universal Time),Tue Dec 31 2024 12:08:23 GMT+0000 (Coordinated Universal Time),https://cdn.prod.website-files.com/5fe0d678b18d7e19e32c3389/66301ca0c21a925c8f4ec3c5_traydent-xit.pdf,Tue Apr 23 2024 00:00:00 GMT+0000 (Coordinated Universal Time),38,https://cdn.prod.website-files.com/5fe0d678b18d7e19e32c3389/66301ca0c21a925c8f4ec3c5_traydent-xit.pdf,https://cdn.prod.website-files.com/5fe0d92bbc950c2267f450c4/6759b56ad4b2a6b67daacc6b_64d53ee2f21eba751d016538_logo_word.svg
Про видачу ліцензії ТОВ «ТРЕВЕЛ БЮРО»,pro-vidachu-licenziyi-tov-trevel-byuro,66211aa77232900849a027bf,67b5d2d456205ba450ccc37a,false,false,Wed Feb 19 2025 12:47:16 GMT+0000 (Coordinated Universal Time),Wed Feb 19 2025 12:47:16 GMT+0000 (Coordinated Universal Time),Wed Feb 19 2025 12:47:16 GMT+0000 (Coordinated Universal Time),https://cdn.prod.website-files.com/5fe0d678b18d7e19e32c3389/67b5d2971efdcba1e89fe38c_travel-bureau.pdf,Wed Feb 19 2025 00:00:00 GMT+0000 (Coordinated Universal Time),23,https://cdn.prod.website-files.com/5fe0d678b18d7e19e32c3389/67b5d2971efdcba1e89fe38c_travel-bureau.pdf,https://cdn.prod.website-files.com/5fe0d92bbc950c2267f450c4/6759b56ad4b2a6b67daacc6b_64d53ee2f21eba751d016538_logo_word.svg
Про видачу ліцензії ТОВ «ТРЕВЕЛ ВАН»,pro-vidachu-licenziyi-tov-trevel-van,66211aa77232900849a027bf,694bee7768127edfff997da5,false,false,Wed Dec 24 2025 13:45:27 GMT+0000 (Coordinated Universal Time),Wed Dec 24 2025 13:46:48 GMT+0000 (Coordinated Universal Time),Thu Jan 08 2026 12:30:37 GMT+0000 (Coordinated Universal Time),https://cdn.prod.website-files.com/5fe0d678b18d7e19e32c3389/694beea70fd2cf0ad0de7813_travel-van.pdf,Wed Dec 24 2025 00:00:00 GMT+0000 (Coordinated Universal Time),129,https://cdn.prod.website-files.com/5fe0d678b18d7e19e32c3389/694beea70fd2cf0ad0de7813_travel-van.pdf,https://cdn.prod.website-files.com/5fe0d92bbc950c2267f450c4/6759b56ad4b2a6b67daacc6b_64d53ee2f21eba751d016538_logo_word.svg
Про видачу ліцензії  ТОВ «ТРЕВЕЛ ВАЙБ»,pro-vidachu-licenziyi-tov-trevel-vayb,66211aa77232900849a027bf,68921ab04a12d16a973724bd,false,false,Tue Aug 05 2025 14:52:32 GMT+0000 (Coordinated Universal Time),Tue Aug 05 2025 14:53:42 GMT+0000 (Coordinated Universal Time),Fri Aug 15 2025 12:44:24 GMT+0000 (Coordinated Universal Time),https://cdn.prod.website-files.com/5fe0d678b18d7e19e32c3389/68921a6871498951b2690d75_travel-vibe.pdf,Tue Aug 05 2025 00:00:00 GMT+0000 (Coordinated Universal Time),86,https://cdn.prod.website-files.com/5fe0d678b18d7e19e32c3389/68921a6871498951b2690d75_travel-vibe.pdf,https://cdn.prod.website-files.com/5fe0d92bbc950c2267f450c4/6759b56ad4b2a6b67daacc6b_64d53ee2f21eba751d016538_logo_word.svg
Про видачу ліцензії ТОВ «ТРЕВЕЛ247»,pro-vidachu-licenziyi-tov-trevel247,66211aa77232900849a027bf,681897886f67a0240effdbeb,false,false,Mon May 05 2025 10:48:40 GMT+0000 (Coordinated Universal Time),Mon May 05 2025 10:48:40 GMT+0000 (Coordinated Universal Time),Mon May 05 2025 10:48:40 GMT+0000 (Coordinated Universal Time),https://cdn.prod.website-files.com/5fe0d678b18d7e19e32c3389/6818972cf69a16eef7ad5762_travel247.pdf,Fri May 02 2025 00:00:00 GMT+0000 (Coordinated Universal Time),51,https://cdn.prod.website-files.com/5fe0d678b18d7e19e32c3389/6818972cf69a16eef7ad5762_travel247.pdf,https://cdn.prod.website-files.com/5fe0d92bbc950c2267f450c4/6759b56ad4b2a6b67daacc6b_64d53ee2f21eba751d016538_logo_word.svg
"Про видачу ліцензії ТОВ ""ТУРИСТИЧНА АГЕНЦІЯ ""ІМПЕРІЯ ТУР""",pro-vidachu-licenziyi-tov-turistichna-agenciya-imperiya-tur,66211aa77232900849a027bf,66218a921789ae156db45468,false,false,Thu Apr 18 2024 21:03:14 GMT+0000 (Coordinated Universal Time),Wed Dec 11 2024 16:20:41 GMT+0000 (Coordinated Universal Time),Tue Dec 31 2024 12:08:23 GMT+0000 (Coordinated Universal Time),https://cdn.prod.website-files.com/5fe0d678b18d7e19e32c3389/6756d503911a359e4001528c_order75-2023.pdf,Tue Jun 20 2023 00:00:00 GMT+0000 (Coordinated Universal Time),75,https://cdn.prod.website-files.com/5fe0d678b18d7e19e32c3389/6756d503911a359e4001528c_order75-2023.pdf,https://cdn.prod.website-files.com/5fe0d92bbc950c2267f450c4/6759b56ad4b2a6b67daacc6b_64d53ee2f21eba751d016538_logo_word.svg
Про видачу ліцензії  ТОВ «ТУРИСТИЧНА  АГЕНЦІЯ ТРЕВЕЛІС»,pro-vidachu-licenziyi-tov-turistichna-agenciya-trevelis,66211aa77232900849a027bf,68f5e42c08d480a9751a86ec,false,false,Mon Oct 20 2025 07:26:36 GMT+0000 (Coordinated Universal Time),Mon Oct 20 2025 07:28:06 GMT+0000 (Coordinated Universal Time),Wed Oct 22 2025 14:32:23 GMT+0000 (Coordinated Universal Time),https://cdn.prod.website-files.com/5fe0d678b18d7e19e32c3389/68f5e359a1330c05fdd6ceef_trevelis_agency.pdf,Fri Oct 17 2025 00:00:00 GMT+0000 (Coordinated Universal Time),112,https://cdn.prod.website-files.com/5fe0d678b18d7e19e32c3389/68f5e359a1330c05fdd6ceef_trevelis_agency.pdf,https://cdn.prod.website-files.com/5fe0d92bbc950c2267f450c4/6759b56ad4b2a6b67daacc6b_64d53ee2f21eba751d016538_logo_word.svg
Про видачу ліцензії  ТОВ «Туристична компанія  ім. Святого Антонія»,pro-vidachu-licenziyi-tov-turistichna-kompaniya-im-svyatogo-antoniya,66211aa77232900849a027bf,692d5f5020f41f10280a3a2b,false,false,Mon Dec 01 2025 09:26:40 GMT+0000 (Coordinated Universal Time),Mon Dec 01 2025 09:27:17 GMT+0000 (Coordinated Universal Time),Wed Dec 10 2025 13:33:54 GMT+0000 (Coordinated Universal Time),https://cdn.prod.website-files.com/5fe0d678b18d7e19e32c3389/692d5ecf32e21b54db3e226c_st_Antony.pdf,Wed Nov 26 2025 00:00:00 GMT+0000 (Coordinated Universal Time),123,https://cdn.prod.website-files.com/5fe0d678b18d7e19e32c3389/692d5ecf32e21b54db3e226c_st_Antony.pdf,https://cdn.prod.website-files.com/5fe0d92bbc950c2267f450c4/6759b56ad4b2a6b67daacc6b_64d53ee2f21eba751d016538_logo_word.svg
Про видачу ліцензії  ТОВ «ТУРИСТИЧНА  ПЛАТФОРМА»,pro-vidachu-licenziyi-tov-turistichna-platforma,66211aa77232900849a027bf,68ecb2729128c7a4281f8dfa,false,false,Mon Oct 13 2025 08:04:02 GMT+0000 (Coordinated Universal Time),Mon Oct 13 2025 08:04:42 GMT+0000 (Coordinated Universal Time),Wed Oct 22 2025 14:32:23 GMT+0000 (Coordinated Universal Time),https://cdn.prod.website-files.com/5fe0d678b18d7e19e32c3389/68ecb281dcc9643848b6a291_touristic-platform.pdf,Mon Sep 29 2025 00:00:00 GMT+0000 (Coordinated Universal Time),104,https://cdn.prod.website-files.com/5fe0d678b18d7e19e32c3389/68ecb281dcc9643848b6a291_touristic-platform.pdf,https://cdn.prod.website-files.com/5fe0d92bbc950c2267f450c4/6759b56ad4b2a6b67daacc6b_64d53ee2f21eba751d016538_logo_word.svg
Про видачу ліцензії ТОВ «ТУРИЗМ КОНСАЛТИНГ»,pro-vidachu-licenziyi-tov-turizm-konsalting,66211aa77232900849a027bf,6757058487b05684856a3e22,false,false,Mon Dec 09 2024 14:58:12 GMT+0000 (Coordinated Universal Time),Wed Dec 11 2024 16:03:56 GMT+0000 (Coordinated Universal Time),Tue Dec 31 2024 12:08:23 GMT+0000 (Coordinated Universal Time),https://cdn.prod.website-files.com/5fe0d678b18d7e19e32c3389/663022bbd9eb86eb1403e6c4_consulting.pdf,Mon Apr 29 2024 00:00:00 GMT+0000 (Coordinated Universal Time),42,https://cdn.prod.website-files.com/5fe0d678b18d7e19e32c3389/663022bbd9eb86eb1403e6c4_consulting.pdf,https://cdn.prod.website-files.com/5fe0d92bbc950c2267f450c4/6759b56ad4b2a6b67daacc6b_64d53ee2f21eba751d016538_logo_word.svg
"Про видачу ліцензії ТОВ ""ТурЛайм""",pro-vidachu-licenziyi-tov-turlaym,66211aa77232900849a027bf,66218720c14b4d1e7eb9bbbe,false,false,Thu Apr 18 2024 20:48:32 GMT+0000 (Coordinated Universal Time),Wed Dec 11 2024 16:21:03 GMT+0000 (Coordinated Universal Time),Tue Dec 31 2024 12:08:23 GMT+0000 (Coordinated Universal Time),https://cdn.prod.website-files.com/5fe0d678b18d7e19e32c3389/6756da06fc32246fab8c94d3_order71-2023.pdf,Thu Jun 01 2023 00:00:00 GMT+0000 (Coordinated Universal Time),71,https://cdn.prod.website-files.com/5fe0d678b18d7e19e32c3389/6756da06fc32246fab8c94d3_order71-2023.pdf,https://cdn.prod.website-files.com/5fe0d92bbc950c2267f450c4/6759b56ad4b2a6b67daacc6b_64d53ee2f21eba751d016538_logo_word.svg
"Про видачу ліцензії ТОВ ""ТУРНЕ ЮЕЙ""",pro-vidachu-licenziyi-tov-turne-yuey,66211aa77232900849a027bf,66218cae173ef9dd0f6aa44b,false,false,Thu Apr 18 2024 21:12:14 GMT+0000 (Coordinated Universal Time),Wed Dec 11 2024 16:19:59 GMT+0000 (Coordinated Universal Time),Tue Dec 31 2024 12:08:23 GMT+0000 (Coordinated Universal Time),https://assets-global.website-files.com/5fe0d678b18d7e19e32c3389/64a7e77c3036f38e45aa8918_WhatsApp%20Image%202023-07-07%20at%2012.52.32.webp,Fri Jul 07 2023 00:00:00 GMT+0000 (Coordinated Universal Time),83,https://assets-global.website-files.com/5fe0d678b18d7e19e32c3389/64a7e77c3036f38e45aa8918_WhatsApp%20Image%202023-07-07%20at%2012.52.32.webp,https://cdn.prod.website-files.com/5fe0d92bbc950c2267f450c4/6759b56ad4b2a6b67daacc6b_64d53ee2f21eba751d016538_logo_word.svg
Про видачу ліцензії ТОВ «ТУРОПЕРАТОР АЛЬЯНС»,pro-vidachu-licenziyi-tov-turoperator-alyans,66211aa77232900849a027bf,675705de62d7e7a9d2cea64e,false,false,Mon Dec 09 2024 14:59:42 GMT+0000 (Coordinated Universal Time),Wed Dec 11 2024 16:03:12 GMT+0000 (Coordinated Universal Time),Tue Dec 31 2024 12:08:23 GMT+0000 (Coordinated Universal Time),https://cdn.prod.website-files.com/5fe0d678b18d7e19e32c3389/663b8154de49603614e4511d_tour-alliance.pdf,Fri May 03 2024 00:00:00 GMT+0000 (Coordinated Universal Time),44,https://cdn.prod.website-files.com/5fe0d678b18d7e19e32c3389/663b8154de49603614e4511d_tour-alliance.pdf,https://cdn.prod.website-files.com/5fe0d92bbc950c2267f450c4/6759b56ad4b2a6b67daacc6b_64d53ee2f21eba751d016538_logo_word.svg
Про видачу ліцензії ТОВ «ВЕЛЮР ВОЯЖ»,pro-vidachu-licenziyi-tov-velyur-voyazh,66211aa77232900849a027bf,699ef592d5f3a440b1a590e5,false,false,Wed Feb 25 2026 13:13:54 GMT+0000 (Coordinated Universal Time),Wed Feb 25 2026 14:28:59 GMT+0000 (Coordinated Universal Time),Mon Mar 02 2026 10:50:24 GMT+0000 (Coordinated Universal Time),https://cdn.prod.website-files.com/5fe0d678b18d7e19e32c3389/699ef4c2b46e3bdd4ecc4ca1_velur-voyage.pdf,Mon Feb 23 2026 00:00:00 GMT+0000 (Coordinated Universal Time),19,https://cdn.prod.website-files.com/5fe0d678b18d7e19e32c3389/699ef4c2b46e3bdd4ecc4ca1_velur-voyage.pdf,https://cdn.prod.website-files.com/5fe0d92bbc950c2267f450c4/6759b56ad4b2a6b67daacc6b_64d53ee2f21eba751d016538_logo_word.svg
Про видачу ліцензії ТОВ «ВіТріп» ,pro-vidachu-licenziyi-tov-vitrip,66211aa77232900849a027bf,662688bb2b99bffcb02af90f,false,false,Mon Apr 22 2024 15:56:43 GMT+0000 (Coordinated Universal Time),Wed Dec 11 2024 16:08:05 GMT+0000 (Coordinated Universal Time),Tue Dec 31 2024 12:08:23 GMT+0000 (Coordinated Universal Time),https://assets-global.website-files.com/5fe0d678b18d7e19e32c3389/65b92bb1efb956af91da27fc_vitrip.pdf,Fri Jan 26 2024 00:00:00 GMT+0000 (Coordinated Universal Time),5,https://assets-global.website-files.com/5fe0d678b18d7e19e32c3389/65b92bb1efb956af91da27fc_vitrip.pdf,https://cdn.prod.website-files.com/5fe0d92bbc950c2267f450c4/6759b56ad4b2a6b67daacc6b_64d53ee2f21eba751d016538_logo_word.svg
Про видачу ліцензії ТОВ «ВІВТУР ВЕКЛІЧ ГРУП»,pro-vidachu-licenziyi-tov-vivtur-veklich-grup,66211aa77232900849a027bf,677e7765c8ff9c750dd9bd51,false,false,Wed Jan 08 2025 13:02:29 GMT+0000 (Coordinated Universal Time),Wed Jan 08 2025 13:05:40 GMT+0000 (Coordinated Universal Time),Wed Jan 08 2025 13:07:29 GMT+0000 (Coordinated Universal Time),https://cdn.prod.website-files.com/5fe0d678b18d7e19e32c3389/677e780327557d030ffed315_order1-vivtour.pdf,Wed Jan 08 2025 00:00:00 GMT+0000 (Coordinated Universal Time),1,https://cdn.prod.website-files.com/5fe0d678b18d7e19e32c3389/677e780327557d030ffed315_order1-vivtour.pdf,https://cdn.prod.website-files.com/5fe0d92bbc950c2267f450c4/6759b56ad4b2a6b67daacc6b_64d53ee2f21eba751d016538_logo_word.svg
Про видачу ліцензії ТОВ  «ВОГЕЛ ТРЕВЕЛ» ,pro-vidachu-licenziyi-tov-vogel-trevel,66211aa77232900849a027bf,66267fe1eb51041f859f3829,false,false,Mon Apr 22 2024 15:18:57 GMT+0000 (Coordinated Universal Time),Wed Dec 11 2024 16:09:59 GMT+0000 (Coordinated Universal Time),Tue Dec 31 2024 12:08:23 GMT+0000 (Coordinated Universal Time),https://assets-global.website-files.com/5fe0d678b18d7e19e32c3389/6578397c6d667c772c770db4_%D0%B2%D0%BE%D0%B3%D0%B5%D0%BB_%D1%82%D1%80%D0%B5%D0%B2%D0%B5%D0%BB.pdf,Thu Dec 07 2023 00:00:00 GMT+0000 (Coordinated Universal Time),153,https://assets-global.website-files.com/5fe0d678b18d7e19e32c3389/6578397c6d667c772c770db4_%D0%B2%D0%BE%D0%B3%D0%B5%D0%BB_%D1%82%D1%80%D0%B5%D0%B2%D0%B5%D0%BB.pdf,https://cdn.prod.website-files.com/5fe0d92bbc950c2267f450c4/6759b56ad4b2a6b67daacc6b_64d53ee2f21eba751d016538_logo_word.svg
Про видачу ліцензії ТОВ «Вокейшен 24/7»,pro-vidachu-licenziyi-tov-vokeyshen-24-7,66211aa77232900849a027bf,675705b15e00110838163333,false,false,Mon Dec 09 2024 14:58:57 GMT+0000 (Coordinated Universal Time),Wed Dec 11 2024 16:03:42 GMT+0000 (Coordinated Universal Time),Tue Dec 31 2024 12:08:23 GMT+0000 (Coordinated Universal Time),https://cdn.prod.website-files.com/5fe0d678b18d7e19e32c3389/663b8155f99d31124db244dc_workation.pdf,Fri May 03 2024 00:00:00 GMT+0000 (Coordinated Universal Time),43,https://cdn.prod.website-files.com/5fe0d678b18d7e19e32c3389/663b8155f99d31124db244dc_workation.pdf,https://cdn.prod.website-files.com/5fe0d92bbc950c2267f450c4/6759b56ad4b2a6b67daacc6b_64d53ee2f21eba751d016538_logo_word.svg
"Про відмову у встановленні категорії готелю ""Центральний""",pro-vidmovu-u-vstanovlenni-kategoriyi-gotelyu-centralniy,66211aa77232900849a027bf,66267c188b6ccc817e41c27c,false,false,Mon Apr 22 2024 15:02:48 GMT+0000 (Coordinated Universal Time),Wed Dec 11 2024 16:12:04 GMT+0000 (Coordinated Universal Time),Tue Dec 31 2024 12:08:23 GMT+0000 (Coordinated Universal Time),https://assets-global.website-files.com/5fe0d678b18d7e19e32c3389/653fd215347cc03428200b87_%D1%86%D0%B5%D0%BD%D1%82%D1%80%D0%B0%D0%BB%D1%8C%D0%BD%D0%B8%D0%B9.pdf,Wed Oct 25 2023 00:00:00 GMT+0000 (Coordinated Universal Time),137,https://assets-global.website-files.com/5fe0d678b18d7e19e32c3389/653fd215347cc03428200b87_%D1%86%D0%B5%D0%BD%D1%82%D1%80%D0%B0%D0%BB%D1%8C%D0%BD%D0%B8%D0%B9.pdf,https://cdn.prod.website-files.com/5fe0d92bbc950c2267f450c4/6759b56ad4b2a6b67daacc6b_64d53ee2f21eba751d016538_logo_word.svg
Про відмову у встановленні  категорії готелю «Дніпро»,pro-vidmovu-u-vstanovlenni-kategoriyi-gotelyu-dnipro,66211aa77232900849a027bf,68ba9d57b6f5660be1993d9f,false,false,Fri Sep 05 2025 08:20:39 GMT+0000 (Coordinated Universal Time),Fri Sep 05 2025 08:21:50 GMT+0000 (Coordinated Universal Time),Fri Sep 05 2025 12:02:28 GMT+0000 (Coordinated Universal Time),https://cdn.prod.website-files.com/5fe0d678b18d7e19e32c3389/68ba9cb94945b14fc17456f0_dnipro.pdf,Wed Sep 03 2025 00:00:00 GMT+0000 (Coordinated Universal Time),99,https://cdn.prod.website-files.com/5fe0d678b18d7e19e32c3389/68ba9cb94945b14fc17456f0_dnipro.pdf,https://cdn.prod.website-files.com/5fe0d92bbc950c2267f450c4/6759b56ad4b2a6b67daacc6b_64d53ee2f21eba751d016538_logo_word.svg
Про відмову у встановленні категорії готелю «Європейський»,pro-vidmovu-u-vstanovlenni-kategoriyi-gotelyu-ievropeyskiy,66211aa77232900849a027bf,66268a68cce843b80e1e334d,false,false,Mon Apr 22 2024 16:03:52 GMT+0000 (Coordinated Universal Time),Wed Dec 11 2024 16:07:35 GMT+0000 (Coordinated Universal Time),Tue Dec 31 2024 12:08:23 GMT+0000 (Coordinated Universal Time),https://assets-global.website-files.com/5fe0d678b18d7e19e32c3389/65d4c2e26386bcd1fd9bd0ba_evropeysky.pdf,Mon Feb 19 2024 00:00:00 GMT+0000 (Coordinated Universal Time),18,https://assets-global.website-files.com/5fe0d678b18d7e19e32c3389/65d4c2e26386bcd1fd9bd0ba_evropeysky.pdf,https://cdn.prod.website-files.com/5fe0d92bbc950c2267f450c4/6759b56ad4b2a6b67daacc6b_64d53ee2f21eba751d016538_logo_word.svg
 Про відмову у встановленні  категорії готелю «Європейський»,pro-vidmovu-u-vstanovlenni-kategoriyi-gotelyu-ievropeyskiy-3dl1h,66211aa77232900849a027bf,688a6514584040738a292d15,false,false,Wed Jul 30 2025 18:31:48 GMT+0000 (Coordinated Universal Time),Wed Jul 30 2025 18:34:06 GMT+0000 (Coordinated Universal Time),Fri Aug 15 2025 12:44:24 GMT+0000 (Coordinated Universal Time),https://cdn.prod.website-files.com/5fe0d678b18d7e19e32c3389/688a649d1bfe5f353a49f972_evropean-rejecting.pdf,Fri Jul 25 2025 00:00:00 GMT+0000 (Coordinated Universal Time),81,https://cdn.prod.website-files.com/5fe0d678b18d7e19e32c3389/688a649d1bfe5f353a49f972_evropean-rejecting.pdf,https://cdn.prod.website-files.com/5fe0d92bbc950c2267f450c4/6759b56ad4b2a6b67daacc6b_64d53ee2f21eba751d016538_logo_word.svg
Про відмову у встановленні  категорії готелю «Каліфорнія»,pro-vidmovu-u-vstanovlenni-kategoriyi-gotelyu-kaliforniya,66211aa77232900849a027bf,695bbf6266a14e2180846c45,false,false,Mon Jan 05 2026 13:40:50 GMT+0000 (Coordinated Universal Time),Mon Jan 05 2026 13:50:16 GMT+0000 (Coordinated Universal Time),Thu Jan 08 2026 12:30:37 GMT+0000 (Coordinated Universal Time),https://cdn.prod.website-files.com/5fe0d678b18d7e19e32c3389/695bbbfaa58d729a47b26d6e_california.pdf,Tue Dec 30 2025 00:00:00 GMT+0000 (Coordinated Universal Time),136,https://cdn.prod.website-files.com/5fe0d678b18d7e19e32c3389/695bbbfaa58d729a47b26d6e_california.pdf,https://cdn.prod.website-files.com/5fe0d92bbc950c2267f450c4/6759b56ad4b2a6b67daacc6b_64d53ee2f21eba751d016538_logo_word.svg
Про відмову у встановленні категорії готелю «Кремінь»,pro-vidmovu-u-vstanovlenni-kategoriyi-gotelyu-kremin,66211aa77232900849a027bf,66268b2a21fa23947af9a2fa,false,false,Mon Apr 22 2024 16:07:06 GMT+0000 (Coordinated Universal Time),Wed Dec 11 2024 16:06:45 GMT+0000 (Coordinated Universal Time),Tue Dec 31 2024 12:08:23 GMT+0000 (Coordinated Universal Time),https://assets-global.website-files.com/5fe0d678b18d7e19e32c3389/65d4c2e041a65e1d4f49ca04_kremin.pdf,Mon Feb 19 2024 00:00:00 GMT+0000 (Coordinated Universal Time),21,https://assets-global.website-files.com/5fe0d678b18d7e19e32c3389/65d4c2e041a65e1d4f49ca04_kremin.pdf,https://cdn.prod.website-files.com/5fe0d92bbc950c2267f450c4/6759b56ad4b2a6b67daacc6b_64d53ee2f21eba751d016538_logo_word.svg
"Про відмову у встановленні категорії готелю ""ONOVA Dendra Hotel""",pro-vidmovu-u-vstanovlenni-kategoriyi-gotelyu-onova-dendra-hotel,66211aa77232900849a027bf,662677f70247d6d37fad6090,false,false,Mon Apr 22 2024 14:45:11 GMT+0000 (Coordinated Universal Time),Wed Dec 11 2024 16:15:24 GMT+0000 (Coordinated Universal Time),Tue Dec 31 2024 12:08:23 GMT+0000 (Coordinated Universal Time),https://assets-global.website-files.com/5fe0d678b18d7e19e32c3389/651ac613e4f87227dcd31171_nakaz-115.pdf,Fri Sep 15 2023 00:00:00 GMT+0000 (Coordinated Universal Time),115,https://assets-global.website-files.com/5fe0d678b18d7e19e32c3389/651ac613e4f87227dcd31171_nakaz-115.pdf,https://cdn.prod.website-files.com/5fe0d92bbc950c2267f450c4/6759b56ad4b2a6b67daacc6b_64d53ee2f21eba751d016538_logo_word.svg
"Про відмову у встановленні категорії готелю ""Palais Royal Odessa""",pro-vidmovu-u-vstanovlenni-kategoriyi-gotelyu-palais-royal-odessa,66211aa77232900849a027bf,66267837322954476ba298a7,false,false,Mon Apr 22 2024 14:46:15 GMT+0000 (Coordinated Universal Time),Wed Dec 11 2024 16:15:14 GMT+0000 (Coordinated Universal Time),Tue Dec 31 2024 12:08:23 GMT+0000 (Coordinated Universal Time),https://assets-global.website-files.com/5fe0d678b18d7e19e32c3389/651ac67e8cb11f17ae453bad_nakaz-116.pdf,Fri Sep 15 2023 00:00:00 GMT+0000 (Coordinated Universal Time),116,https://assets-global.website-files.com/5fe0d678b18d7e19e32c3389/651ac67e8cb11f17ae453bad_nakaz-116.pdf,https://cdn.prod.website-files.com/5fe0d92bbc950c2267f450c4/6759b56ad4b2a6b67daacc6b_64d53ee2f21eba751d016538_logo_word.svg
"Про відмову у встановленні категорії готелю ""Podol Plaza""",pro-vidmovu-u-vstanovlenni-kategoriyi-gotelyu-podol-plaza,66211aa77232900849a027bf,662678ae9a71da7e5c4af0f3,false,false,Mon Apr 22 2024 14:48:14 GMT+0000 (Coordinated Universal Time),Wed Dec 11 2024 16:14:49 GMT+0000 (Coordinated Universal Time),Tue Dec 31 2024 12:08:23 GMT+0000 (Coordinated Universal Time),https://assets-global.website-files.com/5fe0d678b18d7e19e32c3389/651ac86249b451b3a3f1621a_nakaz-112.pdf,Fri Sep 15 2023 00:00:00 GMT+0000 (Coordinated Universal Time),112,https://assets-global.website-files.com/5fe0d678b18d7e19e32c3389/651ac86249b451b3a3f1621a_nakaz-112.pdf,https://cdn.prod.website-files.com/5fe0d92bbc950c2267f450c4/6759b56ad4b2a6b67daacc6b_64d53ee2f21eba751d016538_logo_word.svg
 Про відновлення дії ліцензії  ТОВ «ПРЕМ’ЄР ВОЯЖ»,pro-vidnovlennya-diyi-licenziyi-tov-premier-voyazh,66211aa77232900849a027bf,68921a2546c9b6fa44711bfe,false,false,Tue Aug 05 2025 14:50:13 GMT+0000 (Coordinated Universal Time),Tue Aug 05 2025 14:51:48 GMT+0000 (Coordinated Universal Time),Fri Aug 15 2025 12:44:24 GMT+0000 (Coordinated Universal Time),https://cdn.prod.website-files.com/5fe0d678b18d7e19e32c3389/68921a69778705f4b4400c56_premier-voyage.pdf,Mon Aug 04 2025 00:00:00 GMT+0000 (Coordinated Universal Time),85,https://cdn.prod.website-files.com/5fe0d678b18d7e19e32c3389/68921a69778705f4b4400c56_premier-voyage.pdf,https://cdn.prod.website-files.com/5fe0d92bbc950c2267f450c4/6759b56ad4b2a6b67daacc6b_64d53ee2f21eba751d016538_logo_word.svg
Про визначення ПП «КАМПУС ПЛЮС» критично важливим для  функціонування економіки та забезпечення життєдіяльності населення в  особливий період,pro-viznachennya-pp-kampus-plyus-kritichno-vazhlivim-dlya-funkcionuvannya-ekonomiki-ta-zabezpechennya-zhittiediyalnosti-naselennya-v-osobliviy-period,66211aa77232900849a027bf,68b6df6ed3780aca60f94da0,false,false,Tue Sep 02 2025 12:13:34 GMT+0000 (Coordinated Universal Time),Tue Sep 02 2025 12:15:27 GMT+0000 (Coordinated Universal Time),Fri Sep 05 2025 12:02:28 GMT+0000 (Coordinated Universal Time),https://cdn.prod.website-files.com/5fe0d678b18d7e19e32c3389/68b6dfc729653fab1d67de7a_campus%2B.pdf,Mon Aug 25 2025 00:00:00 GMT+0000 (Coordinated Universal Time),96,https://cdn.prod.website-files.com/5fe0d678b18d7e19e32c3389/68b6dfc729653fab1d67de7a_campus%2B.pdf,https://cdn.prod.website-files.com/5fe0d92bbc950c2267f450c4/6759b56ad4b2a6b67daacc6b_64d53ee2f21eba751d016538_logo_word.svg
Про визначення ПрАТ «ГОТЕЛЬНИЙ КОМПЛЕКС «БРАТИСЛАВА»  критично важливим для функціонування економіки та забезпечення  життєдіяльності населення в особливий період ,pro-viznachennya-prat-gotelniy-kompleks-bratislava-kritichno-vazhlivim-dlya-funkcionuvannya-ekonomiki-ta-zabezpechennya-zhittiediyalnosti-naselennya-v-osobliviy-period,66211aa77232900849a027bf,686e115357ae8a2e568f5f6d,false,false,Wed Jul 09 2025 06:50:59 GMT+0000 (Coordinated Universal Time),Wed Jul 09 2025 06:56:43 GMT+0000 (Coordinated Universal Time),Wed Jul 30 2025 18:03:45 GMT+0000 (Coordinated Universal Time),https://cdn.prod.website-files.com/5fe0d678b18d7e19e32c3389/686e0fb91ca1ef85b3abbb1d_bratislava-critical.pdf,Fri Jul 04 2025 00:00:00 GMT+0000 (Coordinated Universal Time),72,https://cdn.prod.website-files.com/5fe0d678b18d7e19e32c3389/686e0fb91ca1ef85b3abbb1d_bratislava-critical.pdf,https://cdn.prod.website-files.com/5fe0d92bbc950c2267f450c4/6759b56ad4b2a6b67daacc6b_64d53ee2f21eba751d016538_logo_word.svg
Про визначення ПрАТ ТУРИСТИЧНО ГОТЕЛЬНИЙ КОМПЛЕКС «ДНІСТЕР»   критично важливим для функціонування  економіки та забезпечення життєдіяльності  населення в особливий період,pro-viznachennya-prat-turistichno-gotelniy-kompleks-dnister-kritichno-vazhlivim-dlya-funkcionuvannya-ekonomiki-ta-zabezpechennya-zhittiediyalnosti-naselennya-v-osobliviy-period,66211aa77232900849a027bf,699f07b9bd4d1ab60c2157df,false,false,Wed Feb 25 2026 14:31:21 GMT+0000 (Coordinated Universal Time),Wed Feb 25 2026 14:55:49 GMT+0000 (Coordinated Universal Time),Mon Mar 02 2026 10:50:24 GMT+0000 (Coordinated Universal Time),https://cdn.prod.website-files.com/5fe0d678b18d7e19e32c3389/699f07cc55b7735bdbb65744_dnister.pdf,Mon Feb 23 2026 00:00:00 GMT+0000 (Coordinated Universal Time),21,https://cdn.prod.website-files.com/5fe0d678b18d7e19e32c3389/699f07cc55b7735bdbb65744_dnister.pdf,https://cdn.prod.website-files.com/5fe0d92bbc950c2267f450c4/6759b56ad4b2a6b67daacc6b_64d53ee2f21eba751d016538_logo_word.svg
Про визначення ТОВ «АКВАПАРК  ГЛУХОМАНЬ» критично важливим для  функціонування економіки та забезпечення  життєдіяльності населення в особливий період,pro-viznachennya-tov-akvapark-gluhoman-kritichno-vazhlivim-dlya-funkcionuvannya-ekonomiki-ta-zabezpechennya-zhittiediyalnosti-naselennya-v-osobliviy-period,66211aa77232900849a027bf,699f0f4dfd2a8422bb30ef6e,false,false,Wed Feb 25 2026 15:03:41 GMT+0000 (Coordinated Universal Time),Thu Mar 05 2026 14:07:28 GMT+0000 (Coordinated Universal Time),Thu Mar 05 2026 14:07:28 GMT+0000 (Coordinated Universal Time),https://cdn.prod.website-files.com/5fe0d678b18d7e19e32c3389/699f0e6f533cedc56d36aafd_aquapark.pdf,Tue Feb 24 2026 00:00:00 GMT+0000 (Coordinated Universal Time),25,https://cdn.prod.website-files.com/5fe0d678b18d7e19e32c3389/699f0e6f533cedc56d36aafd_aquapark.pdf,https://cdn.prod.website-files.com/5fe0d92bbc950c2267f450c4/6759b56ad4b2a6b67daacc6b_64d53ee2f21eba751d016538_logo_word.svg
Про визначення ТОВ «АКВАВІТА» критично  важливим для функціонування економіки та  забезпечення життєдіяльності населення в  особливий період,pro-viznachennya-tov-akvavita-kritichno-vazhlivim-dlya-funkcionuvannya-ekonomiki-ta-zabezpechennya-zhittiediyalnosti-naselennya-v-osobliviy-period,66211aa77232900849a027bf,6967612752f6f2151cb27890,false,false,Wed Jan 14 2026 09:25:59 GMT+0000 (Coordinated Universal Time),Wed Jan 14 2026 09:28:59 GMT+0000 (Coordinated Universal Time),Tue Jan 27 2026 14:13:30 GMT+0000 (Coordinated Universal Time),https://cdn.prod.website-files.com/5fe0d678b18d7e19e32c3389/696761c22fcbf4bf3b52261d_aquavita.pdf,Fri Jan 09 2026 00:00:00 GMT+0000 (Coordinated Universal Time),4,https://cdn.prod.website-files.com/5fe0d678b18d7e19e32c3389/696761c22fcbf4bf3b52261d_aquavita.pdf,https://cdn.prod.website-files.com/5fe0d92bbc950c2267f450c4/6759b56ad4b2a6b67daacc6b_64d53ee2f21eba751d016538_logo_word.svg
 Про визначення ТОВ «АПАРТЕЛЬ СХІДНИЦЯ» критично важливим для  функціонування економіки та забезпечення життєдіяльності населення в  особливий період ,pro-viznachennya-tov-apartel-shidnicya-kritichno-vazhlivim-dlya-funkcionuvannya-ekonomiki-ta-zabezpechennya-zhittiediyalnosti-naselennya-v-osobliviy-period,66211aa77232900849a027bf,68921c3db0c58e0924f14cbb,false,false,Tue Aug 05 2025 14:59:09 GMT+0000 (Coordinated Universal Time),Tue Aug 05 2025 15:01:27 GMT+0000 (Coordinated Universal Time),Fri Aug 15 2025 12:44:24 GMT+0000 (Coordinated Universal Time),https://cdn.prod.website-files.com/5fe0d678b18d7e19e32c3389/68921c6cda35115879e079d5_apartel-shidnytsya.pdf,Tue Aug 05 2025 00:00:00 GMT+0000 (Coordinated Universal Time),88,https://cdn.prod.website-files.com/5fe0d678b18d7e19e32c3389/68921c6cda35115879e079d5_apartel-shidnytsya.pdf,https://cdn.prod.website-files.com/5fe0d92bbc950c2267f450c4/6759b56ad4b2a6b67daacc6b_64d53ee2f21eba751d016538_logo_word.svg
 Про визначення ТОВ «ДІНАДІС» критично важливим для функціонування  економіки та забезпечення життєдіяльності населення в особливий період ,pro-viznachennya-tov-dinadis-kritichno-vazhlivim-dlya-funkcionuvannya-ekonomiki-ta-zabezpechennya-zhittiediyalnosti-naselennya-v-osobliviy-period,66211aa77232900849a027bf,68821a05bceb02ba524db3b2,false,false,Thu Jul 24 2025 11:33:25 GMT+0000 (Coordinated Universal Time),Thu Jul 24 2025 11:34:51 GMT+0000 (Coordinated Universal Time),Wed Jul 30 2025 18:03:45 GMT+0000 (Coordinated Universal Time),https://cdn.prod.website-files.com/5fe0d678b18d7e19e32c3389/688218032dc1ef0cc45a173b_dinadis.pdf,Wed Jul 23 2025 00:00:00 GMT+0000 (Coordinated Universal Time),80,https://cdn.prod.website-files.com/5fe0d678b18d7e19e32c3389/688218032dc1ef0cc45a173b_dinadis.pdf,https://cdn.prod.website-files.com/5fe0d92bbc950c2267f450c4/6759b56ad4b2a6b67daacc6b_64d53ee2f21eba751d016538_logo_word.svg
Про визначення ТОВ «ЕДЕМ-РЕЗОРТ ЕНД  СПА» критично важливим для  функціонування економіки та забезпечення  життєдіяльності населення в особливий період,pro-viznachennya-tov-edem-rezort-end-spa-kritichno-vazhlivim-dlya-funkcionuvannya-ekonomiki-ta-zabezpechennya-zhittiediyalnosti-naselennya-v-osobliviy-period,66211aa77232900849a027bf,699ee0ca227620cef72f9445,false,false,Wed Feb 25 2026 11:45:14 GMT+0000 (Coordinated Universal Time),Wed Feb 25 2026 11:46:14 GMT+0000 (Coordinated Universal Time),Wed Feb 25 2026 11:52:42 GMT+0000 (Coordinated Universal Time),https://cdn.prod.website-files.com/5fe0d678b18d7e19e32c3389/699ee0dd8a2d1a92e5de6779_edem-resort.pdf,Thu Feb 12 2026 00:00:00 GMT+0000 (Coordinated Universal Time),18,https://cdn.prod.website-files.com/5fe0d678b18d7e19e32c3389/699ee0dd8a2d1a92e5de6779_edem-resort.pdf,https://cdn.prod.website-files.com/5fe0d92bbc950c2267f450c4/6759b56ad4b2a6b67daacc6b_64d53ee2f21eba751d016538_logo_word.svg
Про визначення ТОВ «ГРАНД МЕНЕДЖМЕНТ» критично важливим для функціонування економіки та забезпечення життєдіяльності населення в особливий період,pro-viznachennya-tov-grand-menedzhment-kritichno-vazhlivim-dlya-funkcionuvannya-ekonomiki-ta-zabezpechennya-zhittiediyalnosti-naselennya-v-osobliviy-period,66211aa77232900849a027bf,67f8fb324d333fc196bee7cb,false,false,Fri Apr 11 2025 11:21:22 GMT+0000 (Coordinated Universal Time),Fri Apr 11 2025 11:21:22 GMT+0000 (Coordinated Universal Time),Fri Apr 11 2025 11:21:22 GMT+0000 (Coordinated Universal Time),https://cdn.prod.website-files.com/5fe0d678b18d7e19e32c3389/67f8fa556595b9c988899077_grand-management.pdf,Mon Apr 07 2025 00:00:00 GMT+0000 (Coordinated Universal Time),39,https://cdn.prod.website-files.com/5fe0d678b18d7e19e32c3389/67f8fa556595b9c988899077_grand-management.pdf,https://cdn.prod.website-files.com/5fe0d92bbc950c2267f450c4/6759b56ad4b2a6b67daacc6b_64d53ee2f21eba751d016538_logo_word.svg
Про визначення ТОВ «ХОТЕЛ МЕНЕДЖМЕНТ ГРУП» критично  важливим для функціонування економіки та забезпечення життєдіяльності  населення в особливий період ,pro-viznachennya-tov-hotel-menedzhment-grup-kritichno-vazhlivim-dlya-funkcionuvannya-ekonomiki-ta-zabezpechennya-zhittiediyalnosti-naselennya-v-osobliviy-period,66211aa77232900849a027bf,68921b1fb11ad92178e3115a,false,false,Tue Aug 05 2025 14:54:23 GMT+0000 (Coordinated Universal Time),Tue Aug 05 2025 14:55:33 GMT+0000 (Coordinated Universal Time),Fri Aug 15 2025 12:44:24 GMT+0000 (Coordinated Universal Time),https://cdn.prod.website-files.com/5fe0d678b18d7e19e32c3389/68921a6aac545145272f8a4e_hotel-management-group.pdf,Tue Aug 05 2025 00:00:00 GMT+0000 (Coordinated Universal Time),87,https://cdn.prod.website-files.com/5fe0d678b18d7e19e32c3389/68921a6aac545145272f8a4e_hotel-management-group.pdf,https://cdn.prod.website-files.com/5fe0d92bbc950c2267f450c4/6759b56ad4b2a6b67daacc6b_64d53ee2f21eba751d016538_logo_word.svg
 Про визначення ТОВ «ІДЕЯ ТРЕВЕЛ СОЛЮШНЗ» критично важливим  для функціонування економіки та забезпечення життєдіяльності населення  в особливий період ,pro-viznachennya-tov-ideya-trevel-solyushnz-kritichno-vazhlivim-dlya-funkcionuvannya-ekonomiki-ta-zabezpechennya-zhittiediyalnosti-naselennya-v-osobliviy-period,66211aa77232900849a027bf,688218f7d559e208ce4dc8a2,false,false,Thu Jul 24 2025 11:28:55 GMT+0000 (Coordinated Universal Time),Thu Jul 24 2025 11:30:36 GMT+0000 (Coordinated Universal Time),Wed Jul 30 2025 18:03:45 GMT+0000 (Coordinated Universal Time),https://cdn.prod.website-files.com/5fe0d678b18d7e19e32c3389/68821806ca007e05091b8f1c_idea-travel-solutions.pdf,Wed Jul 23 2025 00:00:00 GMT+0000 (Coordinated Universal Time),79,https://cdn.prod.website-files.com/5fe0d678b18d7e19e32c3389/68821806ca007e05091b8f1c_idea-travel-solutions.pdf,https://cdn.prod.website-files.com/5fe0d92bbc950c2267f450c4/6759b56ad4b2a6b67daacc6b_64d53ee2f21eba751d016538_logo_word.svg
 Про визначення ТОВ «ІНТЕРН» критично важливим для функціонування  економіки та забезпечення життєдіяльності населення в особливий період ,pro-viznachennya-tov-intern-kritichno-vazhlivim-dlya-funkcionuvannya-ekonomiki-ta-zabezpechennya-zhittiediyalnosti-naselennya-v-osobliviy-period,66211aa77232900849a027bf,686e11be724a95f7a8fa4b62,false,false,Wed Jul 09 2025 06:52:46 GMT+0000 (Coordinated Universal Time),Wed Jul 09 2025 06:56:32 GMT+0000 (Coordinated Universal Time),Wed Jul 30 2025 18:03:45 GMT+0000 (Coordinated Universal Time),https://cdn.prod.website-files.com/5fe0d678b18d7e19e32c3389/686e0fb8968a6c6dd3dc950b_intern-critical.pdf,Fri Jul 04 2025 00:00:00 GMT+0000 (Coordinated Universal Time),73,https://cdn.prod.website-files.com/5fe0d678b18d7e19e32c3389/686e0fb8968a6c6dd3dc950b_intern-critical.pdf,https://cdn.prod.website-files.com/5fe0d92bbc950c2267f450c4/6759b56ad4b2a6b67daacc6b_64d53ee2f21eba751d016538_logo_word.svg
Про визначення ТОВ «ІНВЕСТИЦІЙНА  КОМПАНІЯ «ТВК» критично важливим для  функціонування економіки та забезпечення  життєдіяльності населення в особливий період,pro-viznachennya-tov-investiciyna-kompaniya-tvk-kritichno-vazhlivim-dlya-funkcionuvannya-ekonomiki-ta-zabezpechennya-zhittiediyalnosti-naselennya-v-osobliviy-period,66211aa77232900849a027bf,696761a72fbdaf05c426cb86,false,false,Wed Jan 14 2026 09:28:07 GMT+0000 (Coordinated Universal Time),Wed Jan 14 2026 09:30:00 GMT+0000 (Coordinated Universal Time),Tue Jan 27 2026 14:13:30 GMT+0000 (Coordinated Universal Time),https://cdn.prod.website-files.com/5fe0d678b18d7e19e32c3389/696761c140b848a6d88cc382_tvk.pdf,Mon Jan 12 2026 00:00:00 GMT+0000 (Coordinated Universal Time),6,https://cdn.prod.website-files.com/5fe0d678b18d7e19e32c3389/696761c140b848a6d88cc382_tvk.pdf,https://cdn.prod.website-files.com/5fe0d92bbc950c2267f450c4/6759b56ad4b2a6b67daacc6b_64d53ee2f21eba751d016538_logo_word.svg
Про визначення ТОВ «КОРАЛ ТРЕВЕЛ» критично важливим для  функціонування економіки та забезпечення життєдіяльності населення в  особливий період ,pro-viznachennya-tov-koral-trevel-kritichno-vazhlivim-dlya-funkcionuvannya-ekonomiki-ta-zabezpechennya-zhittiediyalnosti-naselennya-v-osobliviy-period,66211aa77232900849a027bf,68ecb1a87c5393c876663e1f,false,false,Mon Oct 13 2025 08:00:40 GMT+0000 (Coordinated Universal Time),Mon Oct 13 2025 08:01:26 GMT+0000 (Coordinated Universal Time),Wed Oct 22 2025 14:32:23 GMT+0000 (Coordinated Universal Time),https://cdn.prod.website-files.com/5fe0d678b18d7e19e32c3389/68ecb1bf1ab5a8eb722ee23b_koral-travel.pdf,Fri Sep 26 2025 00:00:00 GMT+0000 (Coordinated Universal Time),103,https://cdn.prod.website-files.com/5fe0d678b18d7e19e32c3389/68ecb1bf1ab5a8eb722ee23b_koral-travel.pdf,https://cdn.prod.website-files.com/5fe0d92bbc950c2267f450c4/6759b56ad4b2a6b67daacc6b_64d53ee2f21eba751d016538_logo_word.svg
Про визначення ТОВ «Л.А.Р.К.» критично важливим для функціонування  економіки та забезпечення життєдіяльності населення в особливий період ,pro-viznachennya-tov-l-a-r-k-kritichno-vazhlivim-dlya-funkcionuvannya-ekonomiki-ta-zabezpechennya-zhittiediyalnosti-naselennya-v-osobliviy-period,66211aa77232900849a027bf,688218632ba2c08924f30d48,false,false,Thu Jul 24 2025 11:26:27 GMT+0000 (Coordinated Universal Time),Thu Jul 24 2025 11:27:44 GMT+0000 (Coordinated Universal Time),Wed Jul 30 2025 18:03:45 GMT+0000 (Coordinated Universal Time),https://cdn.prod.website-files.com/5fe0d678b18d7e19e32c3389/6882180470c823a83743bc51_l.a.r.k.pdf,Wed Jul 23 2025 00:00:00 GMT+0000 (Coordinated Universal Time),78,https://cdn.prod.website-files.com/5fe0d678b18d7e19e32c3389/6882180470c823a83743bc51_l.a.r.k.pdf,https://cdn.prod.website-files.com/5fe0d92bbc950c2267f450c4/6759b56ad4b2a6b67daacc6b_64d53ee2f21eba751d016538_logo_word.svg
Про визначення ТОВ «ОЛЛ ТРЕВЕЛ ГРУП» критично важливим для  функціонування економіки та забезпечення життєдіяльності населення в  особливий період ,pro-viznachennya-tov-oll-trevel-grup-kritichno-vazhlivim-dlya-funkcionuvannya-ekonomiki-ta-zabezpechennya-zhittiediyalnosti-naselennya-v-osobliviy-period,66211aa77232900849a027bf,68b6dffe847e342aedb44c84,false,false,Tue Sep 02 2025 12:15:58 GMT+0000 (Coordinated Universal Time),Tue Sep 02 2025 12:17:10 GMT+0000 (Coordinated Universal Time),Fri Sep 05 2025 12:02:28 GMT+0000 (Coordinated Universal Time),https://cdn.prod.website-files.com/5fe0d678b18d7e19e32c3389/68b6dfc6052a89b3cfeb995d_all-travel-group.pdf,Tue Aug 26 2025 00:00:00 GMT+0000 (Coordinated Universal Time),97,https://cdn.prod.website-files.com/5fe0d678b18d7e19e32c3389/68b6dfc6052a89b3cfeb995d_all-travel-group.pdf,https://cdn.prod.website-files.com/5fe0d92bbc950c2267f450c4/6759b56ad4b2a6b67daacc6b_64d53ee2f21eba751d016538_logo_word.svg
Про визначення ТОВ «ТУРИСТИЧНИЙ  ЦЕНТР «ВЕРХОВИНА» критично важливим  для функціонування економіки та  забезпечення життєдіяльності населення в  особливий період,pro-viznachennya-tov-turistichniy-centr-verhovina-kritichno-vazhlivim-dlya-funkcionuvannya-ekonomiki-ta-zabezpechennya-zhittiediyalnosti-naselennya-v-osobliviy-period,66211aa77232900849a027bf,6967616bd8c5d6e436a69660,false,false,Wed Jan 14 2026 09:27:07 GMT+0000 (Coordinated Universal Time),Wed Jan 14 2026 09:29:32 GMT+0000 (Coordinated Universal Time),Tue Jan 27 2026 14:13:30 GMT+0000 (Coordinated Universal Time),https://cdn.prod.website-files.com/5fe0d678b18d7e19e32c3389/696761c249a9db0f0adc8c03_verkhovina.pdf,Fri Jan 09 2026 00:00:00 GMT+0000 (Coordinated Universal Time),5,https://cdn.prod.website-files.com/5fe0d678b18d7e19e32c3389/696761c249a9db0f0adc8c03_verkhovina.pdf,https://cdn.prod.website-files.com/5fe0d92bbc950c2267f450c4/6759b56ad4b2a6b67daacc6b_64d53ee2f21eba751d016538_logo_word.svg
Про визначення ТОВ «УКРХОТЕЛІНВЕСТ КОМПАНІ» критично  важливим для функціонування економіки та забезпечення життєдіяльності  населення в особливий період,pro-viznachennya-tov-ukrhotelinvest-kompani-kritichno-vazhlivim-dlya-funkcionuvannya-ekonomiki-ta-zabezpechennya-zhittiediyalnosti-naselennya-v-osobliviy-period,66211aa77232900849a027bf,69202fe8db8f880db283dc42,false,false,Fri Nov 21 2025 09:24:56 GMT+0000 (Coordinated Universal Time),Fri Nov 21 2025 09:25:57 GMT+0000 (Coordinated Universal Time),Wed Nov 26 2025 13:48:48 GMT+0000 (Coordinated Universal Time),https://cdn.prod.website-files.com/5fe0d678b18d7e19e32c3389/69203005f82c91e7bd6b6dc4_ukrhotelinvest.pdf,Thu Nov 13 2025 00:00:00 GMT+0000 (Coordinated Universal Time),120,https://cdn.prod.website-files.com/5fe0d678b18d7e19e32c3389/69203005f82c91e7bd6b6dc4_ukrhotelinvest.pdf,https://cdn.prod.website-files.com/5fe0d92bbc950c2267f450c4/6759b56ad4b2a6b67daacc6b_64d53ee2f21eba751d016538_logo_word.svg
"Про визначення відповідальних з питань забезпечення рівних прав та можливостей жінок і чоловіків, запобігання та протидії насильству за ознакою статі у Державному агентстві розвитку туризму України ",pro-viznachennya-vidpovidalnih-z-pitan-zabezpechennya-rivnih-prav-ta-mozhlivostey-zhinok-i-cholovikiv-zapobigannya-ta-protidiyi-nasilstvu-za-oznakoyu-stati-u-derzhavnomu-agentstvi-rozvitku-turizmu-ukrayini,66211aa77232900849a027bf,67570ba2a7ca453f9c591fa1,false,false,Mon Dec 09 2024 15:24:18 GMT+0000 (Coordinated Universal Time),Wed Dec 11 2024 15:57:46 GMT+0000 (Coordinated Universal Time),Tue Dec 31 2024 12:08:23 GMT+0000 (Coordinated Universal Time),https://cdn.prod.website-files.com/5fe0d678b18d7e19e32c3389/66d6bb6f53016a065a88c1c5_hender.pdf,Thu Aug 29 2024 00:00:00 GMT+0000 (Coordinated Universal Time),86,https://cdn.prod.website-files.com/5fe0d678b18d7e19e32c3389/66d6bb6f53016a065a88c1c5_hender.pdf,https://cdn.prod.website-files.com/5fe0d92bbc950c2267f450c4/6759b56ad4b2a6b67daacc6b_64d53ee2f21eba751d016538_logo_word.svg
"Про визначення відповідальних з питань забезпечення рівних прав та можливостей жінок і чоловіків, запобігання та протидії насильству за ознакою статі у Державному агентстві розвитку туризму України",pro-viznachennya-vidpovidalnih-z-pitan-zabezpechennya-rivnih-prav-ta-mozhlivostey-zhinok-i-cholovikiv-zapobigannya-ta-protidiyi-nasilstvu-za-oznakoyu-stati-u-derzhavnomu-agentstvi-rozvitku-turizmu-ukrayini-2,66211aa77232900849a027bf,675ff643e5d55d3f8a0bd3a8,false,false,Mon Dec 16 2024 09:43:31 GMT+0000 (Coordinated Universal Time),Mon Dec 16 2024 09:46:02 GMT+0000 (Coordinated Universal Time),Tue Dec 31 2024 12:08:23 GMT+0000 (Coordinated Universal Time),https://cdn.prod.website-files.com/5fe0d678b18d7e19e32c3389/675ff6bf46208b9c4efc3508_order125.pdf,Wed Dec 11 2024 00:00:00 GMT+0000 (Coordinated Universal Time),125,https://cdn.prod.website-files.com/5fe0d678b18d7e19e32c3389/675ff6bf46208b9c4efc3508_order125.pdf,https://cdn.prod.website-files.com/5fe0d92bbc950c2267f450c4/6759b56ad4b2a6b67daacc6b_64d53ee2f21eba751d016538_logo_word.svg
"Про визначення відповідальних з питань забезпечення рівних прав та  можливостей жінок і чоловіків, запобігання та протидії насильству за ознакою  статі у Державному агентстві розвитку туризму України",pro-viznachennya-vidpovidalnih-z-pitan-zabezpechennya-rivnih-prav-ta-mozhlivostey-zhinok-i-cholovikiv-zapobigannya-ta-protidiyi-nasilstvu-za-oznakoyu-stati-u-derzhavnomuukrayini-funkcionuvannya-instituciynogo-mehanizmu-zabezpechennya-gendernoyi-rivnosti,66211aa77232900849a027bf,689f35d5f42ea3a64be1c255,false,false,Fri Aug 15 2025 13:27:49 GMT+0000 (Coordinated Universal Time),Fri Aug 15 2025 13:30:05 GMT+0000 (Coordinated Universal Time),Fri Aug 15 2025 15:58:33 GMT+0000 (Coordinated Universal Time),https://cdn.prod.website-files.com/5fe0d678b18d7e19e32c3389/689f3644ea29de69f5a5f0f3_order-91.pdf,Thu Aug 14 2025 00:00:00 GMT+0000 (Coordinated Universal Time),91,https://cdn.prod.website-files.com/5fe0d678b18d7e19e32c3389/689f3644ea29de69f5a5f0f3_order-91.pdf,https://cdn.prod.website-files.com/5fe0d92bbc950c2267f450c4/6759b56ad4b2a6b67daacc6b_64d53ee2f21eba751d016538_logo_word.svg
Про визначення відповідальної особи за реалізацію повноважень із захисту викривачів в Державному агентстві розвитку туризму України,pro-viznachennya-vidpovidalnoyi-osobi-za-realizaciyu-povnovazhen-iz-zahistu-vikrivachiv-v-derzhavnomu-agentstvi-rozvitku-turizmu-ukrayini,66211aa77232900849a027bf,67570c56bd82697192703c5e,false,false,Mon Dec 09 2024 15:27:18 GMT+0000 (Coordinated Universal Time),Wed Dec 11 2024 15:57:15 GMT+0000 (Coordinated Universal Time),Tue Dec 31 2024 12:08:23 GMT+0000 (Coordinated Universal Time),https://cdn.prod.website-files.com/5fe0d678b18d7e19e32c3389/66feae389fd1fe1ff2db1414_order9.pdf,Wed Oct 02 2024 00:00:00 GMT+0000 (Coordinated Universal Time),96,https://cdn.prod.website-files.com/5fe0d678b18d7e19e32c3389/66feae389fd1fe1ff2db1414_order9.pdf,https://cdn.prod.website-files.com/5fe0d92bbc950c2267f450c4/6759b56ad4b2a6b67daacc6b_64d53ee2f21eba751d016538_logo_word.svg
Про внесення змін до Наказу ДАРТ  від 12.01.2026 № 6 «Про визначення ТОВ  «ІНВЕСТИЦІЙНА КОМПАНІЯ «ТВК»  критично важливим для функціонування  економіки та забезпечення життєдіяльності  населення в особливий період»,pro-vnesennya-zmin-do-nakazu-dart-vid-12-01-2026-no-6-pro-viznachennya-tov-investiciyna-kompaniya-tvk-kritichno-vazhlivim-dlya-funkcionuvannya-ekonomiki-ta-zabezpechennya-zhittiediyalnosti-naselennya-v-osobliviy-period,66211aa77232900849a027bf,697b43474b4c2a192c9a9172,false,false,Thu Jan 29 2026 11:23:51 GMT+0000 (Coordinated Universal Time),Thu Jan 29 2026 11:26:17 GMT+0000 (Coordinated Universal Time),Tue Feb 10 2026 07:18:30 GMT+0000 (Coordinated Universal Time),https://cdn.prod.website-files.com/5fe0d678b18d7e19e32c3389/697b437d36e8251d523986d2_order_9_2026.pdf,Wed Jan 28 2026 00:00:00 GMT+0000 (Coordinated Universal Time),9,https://cdn.prod.website-files.com/5fe0d678b18d7e19e32c3389/697b437d36e8251d523986d2_order_9_2026.pdf,https://cdn.prod.website-files.com/5fe0d92bbc950c2267f450c4/6759b56ad4b2a6b67daacc6b_64d53ee2f21eba751d016538_logo_word.svg
Про внесення змін до наказу ДАРТ від 28.02.2023 № 13,pro-vnesennya-zmin-do-nakazu-dart-vid-28-02-2023-no-13,66211aa77232900849a027bf,67570e12efd45f783ab87e5f,false,false,Mon Dec 09 2024 15:34:42 GMT+0000 (Coordinated Universal Time),Wed Dec 11 2024 15:55:59 GMT+0000 (Coordinated Universal Time),Tue Dec 31 2024 12:08:23 GMT+0000 (Coordinated Universal Time),https://cdn.prod.website-files.com/5fe0d678b18d7e19e32c3389/67191c1ec3313392487d7045_order106.pdf,Wed Oct 23 2024 00:00:00 GMT+0000 (Coordinated Universal Time),106,https://cdn.prod.website-files.com/5fe0d678b18d7e19e32c3389/67191c1ec3313392487d7045_order106.pdf,https://cdn.prod.website-files.com/5fe0d92bbc950c2267f450c4/6759b56ad4b2a6b67daacc6b_64d53ee2f21eba751d016538_logo_word.svg
"Про внесення змін до наказу ""Про проведення оцінювання корупційних ризиків""",pro-vnesennya-zmin-do-nakazu-pro-provedennya-ocinyuvannya-korupciynih-rizikiv,66211aa77232900849a027bf,662190ecf2e7dedb97bdda7d,false,false,Thu Apr 18 2024 21:30:20 GMT+0000 (Coordinated Universal Time),Mon Dec 16 2024 11:59:13 GMT+0000 (Coordinated Universal Time),Tue Dec 31 2024 12:08:23 GMT+0000 (Coordinated Universal Time),https://assets-global.website-files.com/5fe0d678b18d7e19e32c3389/64ddf85953f7418145c929fa_order41_changes-new.pdf,Mon Apr 17 2023 00:00:00 GMT+0000 (Coordinated Universal Time),41,https://assets-global.website-files.com/5fe0d678b18d7e19e32c3389/64ddf85953f7418145c929fa_order41_changes-new.pdf,https://cdn.prod.website-files.com/5fe0d92bbc950c2267f450c4/6759b56ad4b2a6b67daacc6b_64d53ee2f21eba751d016538_logo_word.svg
"Про внесення змін до наказу ""Про утворення робочої групи з оцінювання корупційних ризиків, затвердження її персонального складу та положення про неї""",pro-vnesennya-zmin-do-nakazu-pro-utvorennya-robochoyi-grupi-z-ocinyuvannya-korupciynih-rizikiv-zatverdzhennya-yiyi-personalnogo-skladu-ta-polozhennya-pro-neyi,66211aa77232900849a027bf,662190a02af94ff27b0402a3,false,false,Thu Apr 18 2024 21:29:04 GMT+0000 (Coordinated Universal Time),Wed Dec 11 2024 16:18:03 GMT+0000 (Coordinated Universal Time),Tue Dec 31 2024 12:08:23 GMT+0000 (Coordinated Universal Time),https://assets-global.website-files.com/5fe0d678b18d7e19e32c3389/64db2292ca131988e428133b_%D0%BD%D0%B0%D0%BA%D0%B0%D0%B7-%D0%BF%D0%BE%D0%B3%D0%BE%D1%80%D1%81%D1%8C%D0%BA%D0%B8%D0%B9.pdf,Tue Jul 18 2023 00:00:00 GMT+0000 (Coordinated Universal Time),85,https://assets-global.website-files.com/5fe0d678b18d7e19e32c3389/64db2292ca131988e428133b_%D0%BD%D0%B0%D0%BA%D0%B0%D0%B7-%D0%BF%D0%BE%D0%B3%D0%BE%D1%80%D1%81%D1%8C%D0%BA%D0%B8%D0%B9.pdf,https://cdn.prod.website-files.com/5fe0d92bbc950c2267f450c4/6759b56ad4b2a6b67daacc6b_64d53ee2f21eba751d016538_logo_word.svg
Про внесення змін до наказу від 08.06.2021 № 127,pro-vnesennya-zmin-do-nakazu-vid-08-06-2021-no-127,66211aa77232900849a027bf,6621382b792932cd28c85a3a,false,false,Thu Apr 18 2024 15:11:39 GMT+0000 (Coordinated Universal Time),Wed Dec 11 2024 16:24:56 GMT+0000 (Coordinated Universal Time),Tue Dec 31 2024 12:08:23 GMT+0000 (Coordinated Universal Time),https://cdn.prod.website-files.com/5fe0d678b18d7e19e32c3389/674f2e8aef3a3db09a77ad8b_changes-order-08_06_2021_%E2%84%96127.pdf,Tue Feb 28 2023 00:00:00 GMT+0000 (Coordinated Universal Time),13,https://cdn.prod.website-files.com/5fe0d678b18d7e19e32c3389/674f2e8aef3a3db09a77ad8b_changes-order-08_06_2021_%E2%84%96127.pdf,https://cdn.prod.website-files.com/5fe0d92bbc950c2267f450c4/6759b56ad4b2a6b67daacc6b_64d53ee2f21eba751d016538_logo_word.svg
Про внесення змін до наказу від 18.07.2023 № 85 ,pro-vnesennya-zmin-do-nakazu-vid-18-07-2023-no-85,66211aa77232900849a027bf,67570bdfa6ca7b22758e1890,false,false,Mon Dec 09 2024 15:25:19 GMT+0000 (Coordinated Universal Time),Wed Dec 11 2024 15:57:35 GMT+0000 (Coordinated Universal Time),Tue Dec 31 2024 12:08:23 GMT+0000 (Coordinated Universal Time),https://cdn.prod.website-files.com/5fe0d678b18d7e19e32c3389/66e2ff0e12ded3ac7f6eb9a1_nakaz-zminy.pdf,Thu Sep 05 2024 00:00:00 GMT+0000 (Coordinated Universal Time),88,https://cdn.prod.website-files.com/5fe0d678b18d7e19e32c3389/66e2ff0e12ded3ac7f6eb9a1_nakaz-zminy.pdf,https://cdn.prod.website-files.com/5fe0d92bbc950c2267f450c4/6759b56ad4b2a6b67daacc6b_64d53ee2f21eba751d016538_logo_word.svg
Про внесення змін до наказу від 18.07.2023 №85,pro-vnesennya-zmin-do-nakazu-vid-18-07-2023-no85,66211aa77232900849a027bf,66267933424095e15c892931,false,false,Mon Apr 22 2024 14:50:27 GMT+0000 (Coordinated Universal Time),Wed Dec 11 2024 16:14:23 GMT+0000 (Coordinated Universal Time),Tue Dec 31 2024 12:08:23 GMT+0000 (Coordinated Universal Time),https://assets-global.website-files.com/5fe0d678b18d7e19e32c3389/651acb504907e767dd16c6a1_%D0%BD%D0%B0%D0%BA%D0%B0%D0%B7%20121-1-merged.pdf,Thu Sep 21 2023 00:00:00 GMT+0000 (Coordinated Universal Time),121,https://assets-global.website-files.com/5fe0d678b18d7e19e32c3389/651acb504907e767dd16c6a1_%D0%BD%D0%B0%D0%BA%D0%B0%D0%B7%20121-1-merged.pdf,https://cdn.prod.website-files.com/5fe0d92bbc950c2267f450c4/6759b56ad4b2a6b67daacc6b_64d53ee2f21eba751d016538_logo_word.svg
Про внесення змін до наказу від 18.07.2023 №85,pro-vnesennya-zmin-do-nakazu-vid-18-07-2023-no85-2,66211aa77232900849a027bf,66267976fd10db8fd5a622e0,false,false,Mon Apr 22 2024 14:51:34 GMT+0000 (Coordinated Universal Time),Wed Dec 11 2024 16:14:12 GMT+0000 (Coordinated Universal Time),Tue Dec 31 2024 12:08:23 GMT+0000 (Coordinated Universal Time),https://assets-global.website-files.com/5fe0d678b18d7e19e32c3389/65256d2b38b40862d7604b31_%D0%B7%D0%BC%D1%96%D0%BD%D0%B8-%D0%BD%D0%B0%D0%BA%D0%B0%D0%B785.pdf,Mon Oct 09 2023 00:00:00 GMT+0000 (Coordinated Universal Time),125,https://assets-global.website-files.com/5fe0d678b18d7e19e32c3389/65256d2b38b40862d7604b31_%D0%B7%D0%BC%D1%96%D0%BD%D0%B8-%D0%BD%D0%B0%D0%BA%D0%B0%D0%B785.pdf,https://cdn.prod.website-files.com/5fe0d92bbc950c2267f450c4/6759b56ad4b2a6b67daacc6b_64d53ee2f21eba751d016538_logo_word.svg
Про внесення змін до  Орієнтовного плану проведення консультацій з громадськістю на 2023 рік,pro-vnesennya-zmin-do-oriientovnogo-planu-provedennya-konsultaciy-z-gromadskistyu-na-2023-rik,66211aa77232900849a027bf,66267fbab02abab8dde52ec7,false,false,Mon Apr 22 2024 15:18:18 GMT+0000 (Coordinated Universal Time),Wed Dec 11 2024 16:10:09 GMT+0000 (Coordinated Universal Time),Tue Dec 31 2024 12:08:23 GMT+0000 (Coordinated Universal Time),https://drive.google.com/file/d/19xMvwoZu6EK3NDnRAI1AI39TkZ0ITqJ2/view,Fri Dec 01 2023 00:00:00 GMT+0000 (Coordinated Universal Time),152,https://drive.google.com/file/d/19xMvwoZu6EK3NDnRAI1AI39TkZ0ITqJ2/view,https://cdn.prod.website-files.com/5fe0d92bbc950c2267f450c4/6759b56ad4b2a6b67daacc6b_64d53ee2f21eba751d016538_logo_word.svg
Про внесення змін до Орієнтовного плану проведення консультацій з громадськістю на 2024 рік,pro-vnesennya-zmin-do-oriientovnogo-planu-provedennya-konsultaciy-z-gromadskistyu-na-2024-rik,66211aa77232900849a027bf,67570cfd5f90804335a3e7e9,false,false,Mon Dec 09 2024 15:30:05 GMT+0000 (Coordinated Universal Time),Wed Dec 11 2024 15:56:51 GMT+0000 (Coordinated Universal Time),Tue Dec 31 2024 12:08:23 GMT+0000 (Coordinated Universal Time),https://cdn.prod.website-files.com/5fe0d678b18d7e19e32c3389/66feabc6825fd51d6f653c61_consult-people-2024.pdf,Thu Oct 03 2024 00:00:00 GMT+0000 (Coordinated Universal Time),99,https://cdn.prod.website-files.com/5fe0d678b18d7e19e32c3389/66feabc6825fd51d6f653c61_consult-people-2024.pdf,https://cdn.prod.website-files.com/5fe0d92bbc950c2267f450c4/6759b56ad4b2a6b67daacc6b_64d53ee2f21eba751d016538_logo_word.svg
Про внесення змін до Плану діяльності ДАРТ з підготовки проектів регуляторних актів на 2024 рік,pro-vnesennya-zmin-do-planu-diyalnosti-dart-z-pidgotovki-proektiv-regulyatornih-aktiv-na-2024-rik,66211aa77232900849a027bf,675706d8a86ba8f515081b3f,false,false,Mon Dec 09 2024 15:03:52 GMT+0000 (Coordinated Universal Time),Wed Dec 11 2024 16:02:36 GMT+0000 (Coordinated Universal Time),Tue Dec 31 2024 12:08:23 GMT+0000 (Coordinated Universal Time),https://cdn.prod.website-files.com/5fe0d678b18d7e19e32c3389/664c88191c5b2330e19ac7b4_49_order.pdf,Mon May 20 2024 00:00:00 GMT+0000 (Coordinated Universal Time),49,https://cdn.prod.website-files.com/5fe0d678b18d7e19e32c3389/664c88191c5b2330e19ac7b4_49_order.pdf,https://cdn.prod.website-files.com/5fe0d92bbc950c2267f450c4/6759b56ad4b2a6b67daacc6b_64d53ee2f21eba751d016538_logo_word.svg
Про внесення змін до Плану діяльності ДАРТ з підготовки проєктів регуляторних актів на 2023 рік,pro-vnesennya-zmin-do-planu-diyalnosti-dart-z-pidgotovki-proiektiv-regulyatornih-aktiv-na-2023-rik,66211aa77232900849a027bf,66218195823a14dcc5e322a8,false,false,Thu Apr 18 2024 20:24:53 GMT+0000 (Coordinated Universal Time),Wed Dec 11 2024 16:24:42 GMT+0000 (Coordinated Universal Time),Tue Dec 31 2024 12:08:23 GMT+0000 (Coordinated Universal Time),https://cdn.prod.website-files.com/5fe0d678b18d7e19e32c3389/674f326088c1599fc1c48823_changes-preparation.pdf,Wed Mar 01 2023 00:00:00 GMT+0000 (Coordinated Universal Time),14,https://cdn.prod.website-files.com/5fe0d678b18d7e19e32c3389/674f326088c1599fc1c48823_changes-preparation.pdf,https://cdn.prod.website-files.com/5fe0d92bbc950c2267f450c4/6759b56ad4b2a6b67daacc6b_64d53ee2f21eba751d016538_logo_word.svg
Про внесення змін до Плану діяльності ДАРТ з підготовки проєктів  регуляторних актів на 2026 рік,pro-vnesennya-zmin-do-planu-diyalnosti-dart-z-pidgotovki-proiektiv-regulyatornih-aktiv-na-2026-rik,66211aa77232900849a027bf,698b42f3df8b0dd9a3c6a2f0,false,false,Tue Feb 10 2026 14:38:43 GMT+0000 (Coordinated Universal Time),Tue Feb 10 2026 14:38:46 GMT+0000 (Coordinated Universal Time),Tue Feb 10 2026 14:42:31 GMT+0000 (Coordinated Universal Time),https://cdn.prod.website-files.com/5fe0d678b18d7e19e32c3389/698b42a61deb22fc2c0ccb07_order14.pdf,Tue Feb 10 2026 00:00:00 GMT+0000 (Coordinated Universal Time),14,https://cdn.prod.website-files.com/5fe0d678b18d7e19e32c3389/698b42a61deb22fc2c0ccb07_order14.pdf,https://cdn.prod.website-files.com/5fe0d92bbc950c2267f450c4/6759b56ad4b2a6b67daacc6b_64d53ee2f21eba751d016538_logo_word.svg
"Про внесення змін до складу Комісії із встановлення категорій готелям та іншим об'єктам, що призначаються для надання послуг з тимчасового розміщення (проживання)",pro-vnesennya-zmin-do-skladu-komisiyi-iz-vstanovlennya-kategoriy-gotelyam-ta-inshim-obiektam,66211aa77232900849a027bf,67a0d6ef4c24b8337e27c7d8,false,false,Mon Feb 03 2025 14:47:11 GMT+0000 (Coordinated Universal Time),Mon Feb 03 2025 14:49:23 GMT+0000 (Coordinated Universal Time),Wed Feb 05 2025 14:37:50 GMT+0000 (Coordinated Universal Time),https://cdn.prod.website-files.com/5fe0d678b18d7e19e32c3389/67a0d56c5c72483c0e52bec6_order-13.pdf,Mon Feb 03 2025 00:00:00 GMT+0000 (Coordinated Universal Time),13,https://cdn.prod.website-files.com/5fe0d678b18d7e19e32c3389/67a0d56c5c72483c0e52bec6_order-13.pdf,https://cdn.prod.website-files.com/5fe0d92bbc950c2267f450c4/6759b56ad4b2a6b67daacc6b_64d53ee2f21eba751d016538_logo_word.svg
"Про внесення змін до складу Комісії із встановлення категорій готелям та іншим об'єктам, що призначаються для надання послуг із тимчасового розміщення (проживання)",pro-vnesennya-zmin-do-skladu-komisiyi-iz-vstanovlennya-kategoriy-gotelyam-ta-inshim-obiektam-shcho-priznachayutsya-dlya-nadannya-poslug-iz-timchasovogo-rozmishchennya-prozhivannya,66211aa77232900849a027bf,66218285df2e6c518b13aa92,false,false,Thu Apr 18 2024 20:28:53 GMT+0000 (Coordinated Universal Time),Wed Dec 11 2024 16:23:57 GMT+0000 (Coordinated Universal Time),Tue Dec 31 2024 12:08:23 GMT+0000 (Coordinated Universal Time),https://cdn.prod.website-files.com/5fe0d678b18d7e19e32c3389/6756dec0ff71ac9bdf45c352_order17-2023.pdf,Thu Mar 02 2023 00:00:00 GMT+0000 (Coordinated Universal Time),17,https://cdn.prod.website-files.com/5fe0d678b18d7e19e32c3389/6756dec0ff71ac9bdf45c352_order17-2023.pdf,https://cdn.prod.website-files.com/5fe0d92bbc950c2267f450c4/6759b56ad4b2a6b67daacc6b_64d53ee2f21eba751d016538_logo_word.svg
"Про внесення змін до складу Комісії із встановлення категорій готелям та іншим об'єктам, що призначаються для надання послуг з тимчасового розміщення (проживання)",pro-vnesennya-zmin-do-skladu-komisiyi-iz-vstanovlennya-kategoriy-gotelyam-ta-inshim-obiektam-shcho-priznachayutsya-dlya-nadannya-poslug-z-timchasovogo-rozmishchennya-prozhivannya,66211aa77232900849a027bf,66218ec10d00410237106b60,false,false,Thu Apr 18 2024 21:21:05 GMT+0000 (Coordinated Universal Time),Fri Jan 24 2025 14:45:31 GMT+0000 (Coordinated Universal Time),Mon Jan 27 2025 13:41:23 GMT+0000 (Coordinated Universal Time),https://cdn.prod.website-files.com/5fe0d678b18d7e19e32c3389/6793a67f31b509e751db8596_order87-2023.pdf,Wed Jul 19 2023 00:00:00 GMT+0000 (Coordinated Universal Time),87,https://cdn.prod.website-files.com/5fe0d678b18d7e19e32c3389/6793a67f31b509e751db8596_order87-2023.pdf,https://cdn.prod.website-files.com/5fe0d92bbc950c2267f450c4/6759b56ad4b2a6b67daacc6b_64d53ee2f21eba751d016538_logo_word.svg
"Про внесення змін до складу Комісії із встановлення категорій готелям та іншим об'єктам, що призначаються для надання послуг з тимчасового розміщення (проживання)",pro-vnesennya-zmin-do-skladu-komisiyi-iz-vstanovlennya-kategoriy-gotelyam-ta-inshim-obiektam-shcho-priznachayutsya-dlya-nadannya-poslug-z-timchasovogo-rozmishchennya-prozhivannya-2,66211aa77232900849a027bf,66267772940cd65765bdfa09,false,false,Mon Apr 22 2024 14:42:58 GMT+0000 (Coordinated Universal Time),Wed Dec 11 2024 16:15:42 GMT+0000 (Coordinated Universal Time),Tue Dec 31 2024 12:08:23 GMT+0000 (Coordinated Universal Time),https://assets-global.website-files.com/5fe0d678b18d7e19e32c3389/651ac1fc96050c6d3fb95877_changes_in_order85-1.pdf,Wed Sep 13 2023 00:00:00 GMT+0000 (Coordinated Universal Time),109,https://assets-global.website-files.com/5fe0d678b18d7e19e32c3389/651ac1fc96050c6d3fb95877_changes_in_order85-1.pdf,https://cdn.prod.website-files.com/5fe0d92bbc950c2267f450c4/6759b56ad4b2a6b67daacc6b_64d53ee2f21eba751d016538_logo_word.svg
"Про внесення змін до складу Комісії із встановлення категорій готелям та іншим  об’єктам, що призначаються для надання послуг з тимчасового розміщення  (проживання)",pro-vnesennya-zmin-do-skladu-komisiyi-iz-vstanovlennya-kategoriy-gotelyam-ta-inshim-obiektam-shcho-priznachayutsya-dlya-nadannya-poslug-z-timchasovogo-rozmishchennya-prozhivannya-ifnis,66211aa77232900849a027bf,699f0efc9dc58d0523f4e88b,false,false,Wed Feb 25 2026 15:02:20 GMT+0000 (Coordinated Universal Time),Wed Feb 25 2026 15:02:24 GMT+0000 (Coordinated Universal Time),Mon Mar 02 2026 10:50:24 GMT+0000 (Coordinated Universal Time),https://cdn.prod.website-files.com/5fe0d678b18d7e19e32c3389/699f0e6f55ae8ed2261557c2_comission-changed.pdf,Tue Feb 24 2026 00:00:00 GMT+0000 (Coordinated Universal Time),22,https://cdn.prod.website-files.com/5fe0d678b18d7e19e32c3389/699f0e6f55ae8ed2261557c2_comission-changed.pdf,https://cdn.prod.website-files.com/5fe0d92bbc950c2267f450c4/6759b56ad4b2a6b67daacc6b_64d53ee2f21eba751d016538_logo_word.svg
Про внесення змін до складу Комісії з апеляцій,pro-vnesennya-zmin-do-skladu-komisiyi-z-apelyaciy,66211aa77232900849a027bf,6790a8d8d2e047451787a929,false,false,Wed Jan 22 2025 08:14:16 GMT+0000 (Coordinated Universal Time),Wed Jan 22 2025 08:14:16 GMT+0000 (Coordinated Universal Time),Wed Jan 22 2025 08:14:16 GMT+0000 (Coordinated Universal Time),https://cdn.prod.website-files.com/5fe0d678b18d7e19e32c3389/6790a880f8ebc6ddda6389cc_order9_comisssion.pdf,Fri Jan 17 2025 00:00:00 GMT+0000 (Coordinated Universal Time),9,https://cdn.prod.website-files.com/5fe0d678b18d7e19e32c3389/6790a880f8ebc6ddda6389cc_order9_comisssion.pdf,https://cdn.prod.website-files.com/5fe0d92bbc950c2267f450c4/6759b56ad4b2a6b67daacc6b_64d53ee2f21eba751d016538_logo_word.svg
"Про внесення змін до складу робочої групи по напрацюванню пропозицій щодо удосконалення законодавства у сфері категоризації готелів та інших об'єктів, що призначаються для надання послуг з тимчасового розміщення (проживання) на громадських засадах",pro-vnesennya-zmin-do-skladu-robochoyi-grupi-po-napracyuvannyu-propoziciy-shchodo-udoskonalennya-zakonodavstva-u-sferi-kategorizaciyi-goteliv-ta-inshih-obiektiv-shcho-priznachayutsya-dlya-nadannya-poslug-z-timchasovogo-rozmishchennya,66211aa77232900849a027bf,66218f5d01479bbbc4bc12e4,false,false,Thu Apr 18 2024 21:23:41 GMT+0000 (Coordinated Universal Time),Wed Dec 11 2024 16:19:15 GMT+0000 (Coordinated Universal Time),Tue Dec 31 2024 12:08:23 GMT+0000 (Coordinated Universal Time),https://assets-global.website-files.com/5fe0d678b18d7e19e32c3389/64d0a0a558be9cdd5c78f24c_%D0%BD%D0%B0%D0%BA%D0%B0%D0%B792_merged.pdf,Thu Aug 03 2023 00:00:00 GMT+0000 (Coordinated Universal Time),92,https://assets-global.website-files.com/5fe0d678b18d7e19e32c3389/64d0a0a558be9cdd5c78f24c_%D0%BD%D0%B0%D0%BA%D0%B0%D0%B792_merged.pdf,https://cdn.prod.website-files.com/5fe0d92bbc950c2267f450c4/6759b56ad4b2a6b67daacc6b_64d53ee2f21eba751d016538_logo_word.svg
"Про внесення змін до складу робочої групи по напрацюванню пропозицій щодо удосконалення законодавства у сфері категоризації готелів та інших об’єктів, що призначаються для надання послуг з тимчасового розміщення (проживання) при ДАРТ на громадських засадах",pro-vnesennya-zmin-do-skladu-robochoyi-grupi-po-napracyuvannyu-propoziciy-shchodo-udoskonalennya-zakonodavstva-u-sferi-kategorizaciyi-goteliv-ta-inshih-obiektiv-shcho-priznachayutsya-dlya-nadannya-poslug-z-timchasovogo-rozmishchennya-prozhivannya,66211aa77232900849a027bf,67570516ff5ee7effe839711,false,false,Mon Dec 09 2024 14:56:22 GMT+0000 (Coordinated Universal Time),Wed Dec 11 2024 16:04:18 GMT+0000 (Coordinated Universal Time),Tue Dec 31 2024 12:08:23 GMT+0000 (Coordinated Universal Time),https://cdn.prod.website-files.com/5fe0d678b18d7e19e32c3389/66301ca083bd7b360f36878d_sklad-gruppy.pdf,Tue Apr 23 2024 00:00:00 GMT+0000 (Coordinated Universal Time),39,https://cdn.prod.website-files.com/5fe0d678b18d7e19e32c3389/66301ca083bd7b360f36878d_sklad-gruppy.pdf,https://cdn.prod.website-files.com/5fe0d92bbc950c2267f450c4/6759b56ad4b2a6b67daacc6b_64d53ee2f21eba751d016538_logo_word.svg
"Про внесення змін до складу робочої групи по напрацюванню пропозицій щодо удосконалення законодавства у сфері категоризації готелів та інших об’єктів, що призначаються для надання послуг з тимчасового розміщення (проживання) на громадських засадах""",pro-vnesennya-zmin-do-skladu-robochoyi-grupi-po-napracyuvannyu-propoziciy-shchodo-udoskonalennya-zakonodavstva-u-sferi-kategorizaciyi-goteliv-ta-inshih-obiektiv-shcho-priznachayutsya-dlya-nadannya-poslug-z-timchasovogo-rozmishchennya-prozhivannya-na-gromad,66211aa77232900849a027bf,66218ddc6cd5dfda7bb5dbaa,false,false,Thu Apr 18 2024 21:17:16 GMT+0000 (Coordinated Universal Time),Wed Dec 11 2024 16:19:47 GMT+0000 (Coordinated Universal Time),Tue Dec 31 2024 12:08:23 GMT+0000 (Coordinated Universal Time),https://assets-global.website-files.com/5fe0d678b18d7e19e32c3389/64aaed8a3be5dab60a9888d2_%D0%BD%D0%B0%D0%BA%D0%B0%D0%B784_merged%20(1).pdf,Thu Jul 06 2023 00:00:00 GMT+0000 (Coordinated Universal Time),82,https://assets-global.website-files.com/5fe0d678b18d7e19e32c3389/64aaed8a3be5dab60a9888d2_%D0%BD%D0%B0%D0%BA%D0%B0%D0%B784_merged%20(1).pdf,https://cdn.prod.website-files.com/5fe0d92bbc950c2267f450c4/6759b56ad4b2a6b67daacc6b_64d53ee2f21eba751d016538_logo_word.svg
"Про внесення змін до складу робочої групи по напрацюванню пропозицій щодо удосконалення законодавства у сфері категоризації готелів та інших об’єктів, що призначаються для надання послуг з тимчасового розміщення (проживання) при ДАРТ на громадських засадах",pro-vnesennya-zmin-do-skladu-robochoyi-grupi-po-napracyuvannyu-propoziciy-shchodo-udoskonalennya-zakonodavstva-u-sferi-kategorizaciyi-goteliv-ta-inshih-obiektiv-shcho-priznachayutsya-dlya-nadannya-poslug-z-timchasovogo-rozmishchennya2,66211aa77232900849a027bf,66267d31cc80a8a5f9a5575c,false,false,Mon Apr 22 2024 15:07:29 GMT+0000 (Coordinated Universal Time),Wed Dec 11 2024 16:11:04 GMT+0000 (Coordinated Universal Time),Tue Dec 31 2024 12:08:23 GMT+0000 (Coordinated Universal Time),https://assets-global.website-files.com/5fe0d678b18d7e19e32c3389/655c730076b49634a6c8b27e_%D0%BD%D0%B0%D0%BA%D0%B0%D0%B7-146_merged.pdf,Tue Nov 14 2023 00:00:00 GMT+0000 (Coordinated Universal Time),146,https://assets-global.website-files.com/5fe0d678b18d7e19e32c3389/655c730076b49634a6c8b27e_%D0%BD%D0%B0%D0%BA%D0%B0%D0%B7-146_merged.pdf,https://cdn.prod.website-files.com/5fe0d92bbc950c2267f450c4/6759b56ad4b2a6b67daacc6b_64d53ee2f21eba751d016538_logo_word.svg
"Про внесення змін до складу робочої групи по напрацюванню пропозицій щодо удосконалення законодавства у сфері категоризації готелів та інших об’єктів, що призначаються для надання послуг з тимчасового розміщення (проживання) при ДАРТ на громадських засадах",pro-vnesennya-zmin-do-skladu-robochoyi-grupi-po-napracyuvannyu-propoziciyshchodo-udoskonalennya-zakonodavstva-u-sferi-kategorizaciyi-goteliv-ta-inshihobiektiv-shcho-priznachayutsya-dlya-nadannya-poslug-z-timchasovogo-rozmishchennya,66211aa77232900849a027bf,6626761800737c87d9b32d36,false,false,Mon Apr 22 2024 14:37:12 GMT+0000 (Coordinated Universal Time),Wed Dec 11 2024 16:15:52 GMT+0000 (Coordinated Universal Time),Tue Dec 31 2024 12:08:23 GMT+0000 (Coordinated Universal Time),https://assets-global.website-files.com/5fe0d678b18d7e19e32c3389/651abff3c9f70f8fafa204c4_nakaz121-merged.pdf,Thu Sep 21 2023 00:00:00 GMT+0000 (Coordinated Universal Time),121,https://assets-global.website-files.com/5fe0d678b18d7e19e32c3389/651abff3c9f70f8fafa204c4_nakaz121-merged.pdf,https://cdn.prod.website-files.com/5fe0d92bbc950c2267f450c4/6759b56ad4b2a6b67daacc6b_64d53ee2f21eba751d016538_logo_word.svg
Про встановлення категорії  апарт-готелю «Apartel Shayan Eco Resort» ,pro-vstanovlennya-kategoriyi-apart-gotelyu-apartel-shayan-eco-resort,66211aa77232900849a027bf,69a98e6043beb3330db56b78,false,false,Thu Mar 05 2026 14:08:32 GMT+0000 (Coordinated Universal Time),Thu Mar 05 2026 14:10:09 GMT+0000 (Coordinated Universal Time),Thu Mar 05 2026 14:10:09 GMT+0000 (Coordinated Universal Time),https://cdn.prod.website-files.com/5fe0d678b18d7e19e32c3389/69a98e9cc2371e8fedc5eb46_apartel-Shayan.pdf,Thu Feb 26 2026 00:00:00 GMT+0000 (Coordinated Universal Time),26,https://cdn.prod.website-files.com/5fe0d678b18d7e19e32c3389/69a98e9cc2371e8fedc5eb46_apartel-Shayan.pdf,https://cdn.prod.website-files.com/5fe0d92bbc950c2267f450c4/6759b56ad4b2a6b67daacc6b_64d53ee2f21eba751d016538_logo_word.svg
Про встановлення категорії Апарт-готелю «Senator City Center»,pro-vstanovlennya-kategoriyi-apart-gotelyu-senator-city-center,66211aa77232900849a027bf,66267ec6bb79ccdd5b61806b,false,false,Mon Apr 22 2024 15:14:14 GMT+0000 (Coordinated Universal Time),Wed Dec 11 2024 16:10:53 GMT+0000 (Coordinated Universal Time),Tue Dec 31 2024 12:08:23 GMT+0000 (Coordinated Universal Time),https://assets-global.website-files.com/5fe0d678b18d7e19e32c3389/656f58950c7a50c480f2e178_%D1%81%D0%B5%D0%BD%D0%B0%D1%82%D0%BE%D1%80-%D1%81%D1%96%D1%82%D1%96-%D1%86%D0%B5%D0%BD%D1%82%D1%80.pdf,Thu Nov 30 2023 00:00:00 GMT+0000 (Coordinated Universal Time),148,https://assets-global.website-files.com/5fe0d678b18d7e19e32c3389/656f58950c7a50c480f2e178_%D1%81%D0%B5%D0%BD%D0%B0%D1%82%D0%BE%D1%80-%D1%81%D1%96%D1%82%D1%96-%D1%86%D0%B5%D0%BD%D1%82%D1%80.pdf,https://cdn.prod.website-files.com/5fe0d92bbc950c2267f450c4/6759b56ad4b2a6b67daacc6b_64d53ee2f21eba751d016538_logo_word.svg
Про встановлення категорії апарт-готелю «Senator Maidan»,pro-vstanovlennya-kategoriyi-apart-gotelyu-senator-maidan,66211aa77232900849a027bf,662675a64a1b0f4cb84e71c0,false,false,Mon Apr 22 2024 14:35:18 GMT+0000 (Coordinated Universal Time),Wed Dec 11 2024 16:16:01 GMT+0000 (Coordinated Universal Time),Tue Dec 31 2024 12:08:23 GMT+0000 (Coordinated Universal Time),https://drive.google.com/file/d/1SYzSYXjjNjf1K_rjaK3FFEMEwbd69ups/view,Fri Sep 01 2023 00:00:00 GMT+0000 (Coordinated Universal Time),107,https://drive.google.com/file/d/1SYzSYXjjNjf1K_rjaK3FFEMEwbd69ups/view,https://cdn.prod.website-files.com/5fe0d92bbc950c2267f450c4/6759b56ad4b2a6b67daacc6b_64d53ee2f21eba751d016538_logo_word.svg
Про встановлення категорії апарт-готелю «Senator Victory Square» ,pro-vstanovlennya-kategoriyi-apart-gotelyu-senator-victory-square,66211aa77232900849a027bf,662680570da04079f87ab4c3,false,false,Mon Apr 22 2024 15:20:55 GMT+0000 (Coordinated Universal Time),Wed Dec 11 2024 16:09:36 GMT+0000 (Coordinated Universal Time),Tue Dec 31 2024 12:08:23 GMT+0000 (Coordinated Universal Time),https://assets-global.website-files.com/5fe0d678b18d7e19e32c3389/65854269f6019c3104d0f181_senator-victory-square.pdf,Tue Dec 19 2023 00:00:00 GMT+0000 (Coordinated Universal Time),157,https://assets-global.website-files.com/5fe0d678b18d7e19e32c3389/65854269f6019c3104d0f181_senator-victory-square.pdf,https://cdn.prod.website-files.com/5fe0d92bbc950c2267f450c4/6759b56ad4b2a6b67daacc6b_64d53ee2f21eba751d016538_logo_word.svg
"Про встановлення категорії апартготелю ""Апартель Ужгород""",pro-vstanovlennya-kategoriyi-apartgotelyu-apartel-uzhgorod,66211aa77232900849a027bf,66267a47e3da3a43e5c5bbad,false,false,Mon Apr 22 2024 14:55:03 GMT+0000 (Coordinated Universal Time),Wed Dec 11 2024 16:13:41 GMT+0000 (Coordinated Universal Time),Tue Dec 31 2024 12:08:23 GMT+0000 (Coordinated Universal Time),https://assets-global.website-files.com/5fe0d678b18d7e19e32c3389/65294334ada296034ee28f46_%D0%9D%D0%B0%D0%BA%D0%B0%D0%B7_%E2%84%96_127_%D0%B2%D1%96%D0%B4_10_10_2023_%D0%9F%D1%80%D0%BE_%D0%B2%D1%81%D1%82%D0%B0%D0%BD%D0%BE%D0%B2%D0%BB%D0%B5%D0%BD%D0%BD%D1%8F_%D0%BA%D0%B0%D1%82%D0%B5%D0%B3%D0%BE%D1%80%D1%96%D1%97_%D0%B0%D0%BF%D0%B0%D1%80%D1%82%D0%B3%D0%BE%D1%82%D0%B5%D0%BB%D1%8E.pdf,Tue Oct 10 2023 00:00:00 GMT+0000 (Coordinated Universal Time),127,https://assets-global.website-files.com/5fe0d678b18d7e19e32c3389/65294334ada296034ee28f46_%D0%9D%D0%B0%D0%BA%D0%B0%D0%B7_%E2%84%96_127_%D0%B2%D1%96%D0%B4_10_10_2023_%D0%9F%D1%80%D0%BE_%D0%B2%D1%81%D1%82%D0%B0%D0%BD%D0%BE%D0%B2%D0%BB%D0%B5%D0%BD%D0%BD%D1%8F_%D0%BA%D0%B0%D1%82%D0%B5%D0%B3%D0%BE%D1%80%D1%96%D1%97_%D0%B0%D0%BF%D0%B0%D1%80%D1%82%D0%B3%D0%BE%D1%82%D0%B5%D0%BB%D1%8E.pdf,https://cdn.prod.website-files.com/5fe0d92bbc950c2267f450c4/6759b56ad4b2a6b67daacc6b_64d53ee2f21eba751d016538_logo_word.svg
Про встановлення категорії готелю  «АКВАПАРК» (HOTEL «АКВАПАРК»),pro-vstanovlennya-kategoriyi-gotelyu-akvapark-hotel-akvapark,66211aa77232900849a027bf,695bbea802aa5e97e5fe1cf9,false,false,Mon Jan 05 2026 13:37:44 GMT+0000 (Coordinated Universal Time),Mon Jan 05 2026 13:47:33 GMT+0000 (Coordinated Universal Time),Thu Jan 08 2026 12:30:37 GMT+0000 (Coordinated Universal Time),https://cdn.prod.website-files.com/5fe0d678b18d7e19e32c3389/695bbbffad7115ab4e2a9de5_aquapark.pdf,Tue Dec 30 2025 00:00:00 GMT+0000 (Coordinated Universal Time),133,https://cdn.prod.website-files.com/5fe0d678b18d7e19e32c3389/695bbbffad7115ab4e2a9de5_aquapark.pdf,https://cdn.prod.website-files.com/5fe0d92bbc950c2267f450c4/6759b56ad4b2a6b67daacc6b_64d53ee2f21eba751d016538_logo_word.svg
Про встановлення категорії  готелю «Амарант» ,pro-vstanovlennya-kategoriyi-gotelyu-amarant,66211aa77232900849a027bf,69a98f3f4d3af4a1ebdabac6,false,false,Thu Mar 05 2026 14:12:15 GMT+0000 (Coordinated Universal Time),Thu Mar 05 2026 14:13:03 GMT+0000 (Coordinated Universal Time),Thu Mar 05 2026 14:13:03 GMT+0000 (Coordinated Universal Time),https://cdn.prod.website-files.com/5fe0d678b18d7e19e32c3389/69a98e9a4c87f2c006f73c11_amarant.pdf,Thu Feb 26 2026 00:00:00 GMT+0000 (Coordinated Universal Time),27,https://cdn.prod.website-files.com/5fe0d678b18d7e19e32c3389/69a98e9a4c87f2c006f73c11_amarant.pdf,https://cdn.prod.website-files.com/5fe0d92bbc950c2267f450c4/6759b56ad4b2a6b67daacc6b_64d53ee2f21eba751d016538_logo_word.svg
Про встановлення категорії  готелю «Апартель Східниця» ,pro-vstanovlennya-kategoriyi-gotelyu-apartel-shidnicya-opbwm,66211aa77232900849a027bf,688a662a66950241e74b132f,false,false,Wed Jul 30 2025 18:36:26 GMT+0000 (Coordinated Universal Time),Wed Jul 30 2025 18:37:33 GMT+0000 (Coordinated Universal Time),Fri Aug 15 2025 12:44:24 GMT+0000 (Coordinated Universal Time),https://cdn.prod.website-files.com/5fe0d678b18d7e19e32c3389/688a649ebadab986e8354a63_apartel-scidnycya.pdf,Fri Jul 25 2025 00:00:00 GMT+0000 (Coordinated Universal Time),83,https://cdn.prod.website-files.com/5fe0d678b18d7e19e32c3389/688a649ebadab986e8354a63_apartel-scidnycya.pdf,https://cdn.prod.website-files.com/5fe0d92bbc950c2267f450c4/6759b56ad4b2a6b67daacc6b_64d53ee2f21eba751d016538_logo_word.svg
Про  встановлення категорії готелю «Арбат» ,pro-vstanovlennya-kategoriyi-gotelyu-arbat,66211aa77232900849a027bf,66268855be3408abe4719818,false,false,Mon Apr 22 2024 15:55:01 GMT+0000 (Coordinated Universal Time),Wed Dec 11 2024 16:08:26 GMT+0000 (Coordinated Universal Time),Tue Dec 31 2024 12:08:23 GMT+0000 (Coordinated Universal Time),https://assets-global.website-files.com/5fe0d678b18d7e19e32c3389/6594b2a3f7d50303901fc5ef_arbat.pdf,Thu Dec 28 2023 00:00:00 GMT+0000 (Coordinated Universal Time),163,https://assets-global.website-files.com/5fe0d678b18d7e19e32c3389/6594b2a3f7d50303901fc5ef_arbat.pdf,https://cdn.prod.website-files.com/5fe0d92bbc950c2267f450c4/6759b56ad4b2a6b67daacc6b_64d53ee2f21eba751d016538_logo_word.svg
Про встановлення категорії готелю «АРДЕН ПАЛАЦ»,pro-vstanovlennya-kategoriyi-gotelyu-arden-palac,66211aa77232900849a027bf,67570acf2059cf5ee27b1eda,false,false,Mon Dec 09 2024 15:20:47 GMT+0000 (Coordinated Universal Time),Wed Dec 11 2024 15:58:30 GMT+0000 (Coordinated Universal Time),Tue Dec 31 2024 12:08:23 GMT+0000 (Coordinated Universal Time),https://cdn.prod.website-files.com/5fe0d678b18d7e19e32c3389/66c859ce9d981caeba82fb00_arden-palace.pdf,Mon Aug 19 2024 00:00:00 GMT+0000 (Coordinated Universal Time),80,https://cdn.prod.website-files.com/5fe0d678b18d7e19e32c3389/66c859ce9d981caeba82fb00_arden-palace.pdf,https://cdn.prod.website-files.com/5fe0d92bbc950c2267f450c4/6759b56ad4b2a6b67daacc6b_64d53ee2f21eba751d016538_logo_word.svg
Про  встановлення категорії готелю «BLACK SEA CENTRAL» ,pro-vstanovlennya-kategoriyi-gotelyu-black-sea-central,66211aa77232900849a027bf,662687ce1bf7297b33ec69ec,false,false,Mon Apr 22 2024 15:52:46 GMT+0000 (Coordinated Universal Time),Wed Dec 11 2024 16:08:51 GMT+0000 (Coordinated Universal Time),Tue Dec 31 2024 12:08:23 GMT+0000 (Coordinated Universal Time),https://assets-global.website-files.com/5fe0d678b18d7e19e32c3389/6594b2a3997b8276943ac070_black_sea_central.pdf,Thu Dec 28 2023 00:00:00 GMT+0000 (Coordinated Universal Time),161,https://assets-global.website-files.com/5fe0d678b18d7e19e32c3389/6594b2a3997b8276943ac070_black_sea_central.pdf,https://cdn.prod.website-files.com/5fe0d92bbc950c2267f450c4/6759b56ad4b2a6b67daacc6b_64d53ee2f21eba751d016538_logo_word.svg
Про встановлення категорії готелю Брістоль,pro-vstanovlennya-kategoriyi-gotelyu-bristol,66211aa77232900849a027bf,662192480d0041023713c57e,false,false,Thu Apr 18 2024 21:36:08 GMT+0000 (Coordinated Universal Time),Wed Dec 11 2024 16:17:12 GMT+0000 (Coordinated Universal Time),Tue Dec 31 2024 12:08:23 GMT+0000 (Coordinated Universal Time),https://assets-global.website-files.com/5fe0d678b18d7e19e32c3389/64ec57f7c3c6540c9b478b02_%D0%9D%D0%B0%D0%BA%D0%B0%D0%B7_%E2%84%96_101_%D0%B2%D1%96%D0%B4_22_08_2023_%D0%9F%D1%80%D0%BE_%D0%B2%D1%81%D1%82%D0%B0%D0%BD%D0%BE%D0%B2%D0%BB%D0%B5%D0%BD%D0%BD%D1%8F_%D0%BA%D0%B0%D1%82%D0%B5%D0%B3%D1%80%D1%96%D1%97_%D0%B3%D0%BE%D1%82%D0%B5%D0%BB%D1%8E_%D0%91%D1%80%D1%96%D1%81%D1%82%D0%BE%D0%BB%D1%8C.pdf,Tue Aug 22 2023 00:00:00 GMT+0000 (Coordinated Universal Time),101,https://assets-global.website-files.com/5fe0d678b18d7e19e32c3389/64ec57f7c3c6540c9b478b02_%D0%9D%D0%B0%D0%BA%D0%B0%D0%B7_%E2%84%96_101_%D0%B2%D1%96%D0%B4_22_08_2023_%D0%9F%D1%80%D0%BE_%D0%B2%D1%81%D1%82%D0%B0%D0%BD%D0%BE%D0%B2%D0%BB%D0%B5%D0%BD%D0%BD%D1%8F_%D0%BA%D0%B0%D1%82%D0%B5%D0%B3%D1%80%D1%96%D1%97_%D0%B3%D0%BE%D1%82%D0%B5%D0%BB%D1%8E_%D0%91%D1%80%D1%96%D1%81%D1%82%D0%BE%D0%BB%D1%8C.pdf,https://cdn.prod.website-files.com/5fe0d92bbc950c2267f450c4/6759b56ad4b2a6b67daacc6b_64d53ee2f21eba751d016538_logo_word.svg
Про встановлення категорії  готелю «ЦЕНТРАЛЬНИЙ»,pro-vstanovlennya-kategoriyi-gotelyu-centralniy,66211aa77232900849a027bf,68f5e534882842068263eb3b,false,false,Mon Oct 20 2025 07:31:00 GMT+0000 (Coordinated Universal Time),Mon Oct 20 2025 07:31:32 GMT+0000 (Coordinated Universal Time),Wed Oct 22 2025 14:32:23 GMT+0000 (Coordinated Universal Time),https://cdn.prod.website-files.com/5fe0d678b18d7e19e32c3389/68f5e35993bf6ab9aab7accd_hotel_cenral.pdf,Fri Oct 17 2025 00:00:00 GMT+0000 (Coordinated Universal Time),115,https://cdn.prod.website-files.com/5fe0d678b18d7e19e32c3389/68f5e35993bf6ab9aab7accd_hotel_cenral.pdf,https://cdn.prod.website-files.com/5fe0d92bbc950c2267f450c4/6759b56ad4b2a6b67daacc6b_64d53ee2f21eba751d016538_logo_word.svg
Про встановлення категорії готелю Цивілізація,pro-vstanovlennya-kategoriyi-gotelyu-civilizaciya,66211aa77232900849a027bf,662192bfa82d8c684d4825eb,false,false,Thu Apr 18 2024 21:38:07 GMT+0000 (Coordinated Universal Time),Wed Dec 11 2024 16:17:01 GMT+0000 (Coordinated Universal Time),Tue Dec 31 2024 12:08:23 GMT+0000 (Coordinated Universal Time),https://assets-global.website-files.com/5fe0d678b18d7e19e32c3389/64ec57f773fdf2e313676637_%D0%9D%D0%B0%D0%BA%D0%B0%D0%B7_%E2%84%96_103_%D0%B2%D1%96%D0%B4_22_08_2023_%D0%BF%D1%80%D0%BE_%D0%B2%D1%81%D1%82%D0%B0%D0%BD%D0%BE%D0%B2%D0%BB%D0%B5%D0%BD%D0%BD%D1%8F_%D0%BA%D0%B0%D1%82%D0%B5%D0%B3%D0%BE%D1%80%D1%96%D1%97_%D0%B3%D0%BE%D1%82%D0%B5%D0%BB%D1%8E_%D0%A6%D0%B8%D0%B2%D1%96%D0%BB%D1%96%D0%B7%D0%B0%D1,Tue Aug 22 2023 00:00:00 GMT+0000 (Coordinated Universal Time),103,https://assets-global.website-files.com/5fe0d678b18d7e19e32c3389/64ec57f773fdf2e313676637_%D0%9D%D0%B0%D0%BA%D0%B0%D0%B7_%E2%84%96_103_%D0%B2%D1%96%D0%B4_22_08_2023_%D0%BF%D1%80%D0%BE_%D0%B2%D1%81%D1%82%D0%B0%D0%BD%D0%BE%D0%B2%D0%BB%D0%B5%D0%BD%D0%BD%D1%8F_%D0%BA%D0%B0%D1%82%D0%B5%D0%B3%D0%BE%D1%80%D1%96%D1%97_%D0%B3%D0%BE%D1%82%D0%B5%D0%BB%D1%8E_%D0%A6%D0%B8%D0%B2%D1%96%D0%BB%D1%96%D0%B7%D0%B0%D1,https://cdn.prod.website-files.com/5fe0d92bbc950c2267f450c4/6759b56ad4b2a6b67daacc6b_64d53ee2f21eba751d016538_logo_word.svg
Про встановлення категорії готелю «Дружба» (HOTEL «DRUZHBA»),pro-vstanovlennya-kategoriyi-gotelyu-druzhba-hotel-druzhba,66211aa77232900849a027bf,67570b37cfef8686da879332,false,false,Mon Dec 09 2024 15:22:31 GMT+0000 (Coordinated Universal Time),Wed Dec 11 2024 15:58:01 GMT+0000 (Coordinated Universal Time),Tue Dec 31 2024 12:08:23 GMT+0000 (Coordinated Universal Time),https://cdn.prod.website-files.com/5fe0d678b18d7e19e32c3389/66d6bb6f7867398840564983_druzhba_hotel.pdf,Thu Aug 29 2024 00:00:00 GMT+0000 (Coordinated Universal Time),85,https://cdn.prod.website-files.com/5fe0d678b18d7e19e32c3389/66d6bb6f7867398840564983_druzhba_hotel.pdf,https://cdn.prod.website-files.com/5fe0d92bbc950c2267f450c4/6759b56ad4b2a6b67daacc6b_64d53ee2f21eba751d016538_logo_word.svg
Про встановлення категорії готелю Fairmont,pro-vstanovlennya-kategoriyi-gotelyu-fairmont,66211aa77232900849a027bf,6621936022e69c894e67dc3a,false,false,Thu Apr 18 2024 21:40:48 GMT+0000 (Coordinated Universal Time),Wed Dec 11 2024 16:16:39 GMT+0000 (Coordinated Universal Time),Tue Dec 31 2024 12:08:23 GMT+0000 (Coordinated Universal Time),https://assets-global.website-files.com/5fe0d678b18d7e19e32c3389/64ec57f74172089051a2bf84_%D0%9D%D0%B0%D0%BA%D0%B0%D0%B7_%E2%84%96100_%D0%B2%D1%96%D0%B4_22_08_2023_%D0%9F%D1%80%D0%BE_%D0%B2%D1%81%D1%82%D0%B0%D0%BD%D0%BE%D0%B2%D0%BB%D0%B5%D0%BD%D0%BD%D1%8F_%D0%BA%D0%B0%D1%82%D0%B5%D0%B3%D0%BE%D1%80%D1%96%D1%97_%D0%B3%D0%BE%D1%82%D0%B5%D0%BB%D1%8E_Fairmont.pdf,Tue Aug 22 2023 00:00:00 GMT+0000 (Coordinated Universal Time),100,https://assets-global.website-files.com/5fe0d678b18d7e19e32c3389/64ec57f74172089051a2bf84_%D0%9D%D0%B0%D0%BA%D0%B0%D0%B7_%E2%84%96100_%D0%B2%D1%96%D0%B4_22_08_2023_%D0%9F%D1%80%D0%BE_%D0%B2%D1%81%D1%82%D0%B0%D0%BD%D0%BE%D0%B2%D0%BB%D0%B5%D0%BD%D0%BD%D1%8F_%D0%BA%D0%B0%D1%82%D0%B5%D0%B3%D0%BE%D1%80%D1%96%D1%97_%D0%B3%D0%BE%D1%82%D0%B5%D0%BB%D1%8E_Fairmont.pdf,https://cdn.prod.website-files.com/5fe0d92bbc950c2267f450c4/6759b56ad4b2a6b67daacc6b_64d53ee2f21eba751d016538_logo_word.svg
Про встановлення категорії готелю «Фредерік Коклен»,pro-vstanovlennya-kategoriyi-gotelyu-frederik-koklen,66211aa77232900849a027bf,6757110b47efa71923f5fda0,false,false,Mon Dec 09 2024 15:47:23 GMT+0000 (Coordinated Universal Time),Wed Dec 11 2024 15:54:46 GMT+0000 (Coordinated Universal Time),Tue Dec 31 2024 12:08:23 GMT+0000 (Coordinated Universal Time),https://cdn.prod.website-files.com/5fe0d678b18d7e19e32c3389/674834f9b9cd09200f88be37_frederick.pdf,Mon Nov 25 2024 00:00:00 GMT+0000 (Coordinated Universal Time),117,https://cdn.prod.website-files.com/5fe0d678b18d7e19e32c3389/674834f9b9cd09200f88be37_frederick.pdf,https://cdn.prod.website-files.com/5fe0d92bbc950c2267f450c4/6759b56ad4b2a6b67daacc6b_64d53ee2f21eba751d016538_logo_word.svg
Про встановлення категорії готелю Голосіївський,pro-vstanovlennya-kategoriyi-gotelyu-golosiyivskiy,66211aa77232900849a027bf,662191ecf6ccb5f04448a2b9,false,false,Thu Apr 18 2024 21:34:36 GMT+0000 (Coordinated Universal Time),Wed Dec 11 2024 16:17:22 GMT+0000 (Coordinated Universal Time),Tue Dec 31 2024 12:08:23 GMT+0000 (Coordinated Universal Time),https://assets-global.website-files.com/5fe0d678b18d7e19e32c3389/64ec57f71d4114b50bf915dd_%D0%9D%D0%B0%D0%BA%D0%B0%D0%B7_%E2%84%96_99_%D0%B2%D1%96%D0%B4_22_08_2023_%D0%9F%D1%80%D0%BE_%D0%B2%D1%81%D1%82%D0%B0%D0%BD%D0%BE%D0%B2%D0%BB%D0%B5%D0%BD%D0%BD%D1%8F_%D0%BA%D0%B0%D1%82%D0%B5%D0%B3%D0%BE%D1%80%D1%96%D1%97_%D0%B3%D0%BE%D1%82%D0%B5%D0%BB%D1%8E_%D0%93%D0%BE%D0%BB%D0%BE%D1%81%D1%96%D1%97%D0%B2%D1%,Tue Aug 22 2023 00:00:00 GMT+0000 (Coordinated Universal Time),99,https://assets-global.website-files.com/5fe0d678b18d7e19e32c3389/64ec57f71d4114b50bf915dd_%D0%9D%D0%B0%D0%BA%D0%B0%D0%B7_%E2%84%96_99_%D0%B2%D1%96%D0%B4_22_08_2023_%D0%9F%D1%80%D0%BE_%D0%B2%D1%81%D1%82%D0%B0%D0%BD%D0%BE%D0%B2%D0%BB%D0%B5%D0%BD%D0%BD%D1%8F_%D0%BA%D0%B0%D1%82%D0%B5%D0%B3%D0%BE%D1%80%D1%96%D1%97_%D0%B3%D0%BE%D1%82%D0%B5%D0%BB%D1%8E_%D0%93%D0%BE%D0%BB%D0%BE%D1%81%D1%96%D1%97%D0%B2%D1%,https://cdn.prod.website-files.com/5fe0d92bbc950c2267f450c4/6759b56ad4b2a6b67daacc6b_64d53ee2f21eba751d016538_logo_word.svg
Про встановлення категорії готелю  готельно-оздоровчого комплексу «Святий Шарбель»,pro-vstanovlennya-kategoriyi-gotelyu-gotelno-ozdorovchogo-kompleksu-svyatiy-sharbel,66211aa77232900849a027bf,695bbf28edaa97ce313c33e5,false,false,Mon Jan 05 2026 13:39:52 GMT+0000 (Coordinated Universal Time),Mon Jan 05 2026 13:49:39 GMT+0000 (Coordinated Universal Time),Thu Jan 08 2026 12:30:37 GMT+0000 (Coordinated Universal Time),https://cdn.prod.website-files.com/5fe0d678b18d7e19e32c3389/695bbbfb13c73d0e52533e22_saint-sharbel.pdf,Tue Dec 30 2025 00:00:00 GMT+0000 (Coordinated Universal Time),135,https://cdn.prod.website-files.com/5fe0d678b18d7e19e32c3389/695bbbfb13c73d0e52533e22_saint-sharbel.pdf,https://cdn.prod.website-files.com/5fe0d92bbc950c2267f450c4/6759b56ad4b2a6b67daacc6b_64d53ee2f21eba751d016538_logo_word.svg
Про встановлення категорії готелю «ГРАНД ГОТЕЛЬ»,pro-vstanovlennya-kategoriyi-gotelyu-grand-gotel,66211aa77232900849a027bf,67570e69ed65af82fa048771,false,false,Mon Dec 09 2024 15:36:09 GMT+0000 (Coordinated Universal Time),Wed Dec 11 2024 15:55:30 GMT+0000 (Coordinated Universal Time),Tue Dec 31 2024 12:08:23 GMT+0000 (Coordinated Universal Time),https://cdn.prod.website-files.com/5fe0d678b18d7e19e32c3389/6731ef85081208e966b69b74_grand-hotel.pdf,Fri Nov 08 2024 00:00:00 GMT+0000 (Coordinated Universal Time),111,https://cdn.prod.website-files.com/5fe0d678b18d7e19e32c3389/6731ef85081208e966b69b74_grand-hotel.pdf,
Про встановлення категорії готелю «GRAND HOTEL КОСИНО» ,pro-vstanovlennya-kategoriyi-gotelyu-grand-hotel-kosino,66211aa77232900849a027bf,67f8fac7c12e999274677e22,false,false,Fri Apr 11 2025 11:19:35 GMT+0000 (Coordinated Universal Time),Fri Apr 11 2025 11:19:35 GMT+0000 (Coordinated Universal Time),Fri Apr 11 2025 11:19:35 GMT+0000 (Coordinated Universal Time),https://cdn.prod.website-files.com/5fe0d678b18d7e19e32c3389/67f8fa539f1ab66ca07e03e4_grand-hotel-kosyno.pdf,Mon Apr 07 2025 00:00:00 GMT+0000 (Coordinated Universal Time),38,https://cdn.prod.website-files.com/5fe0d678b18d7e19e32c3389/67f8fa539f1ab66ca07e03e4_grand-hotel-kosyno.pdf,https://cdn.prod.website-files.com/5fe0d92bbc950c2267f450c4/6759b56ad4b2a6b67daacc6b_64d53ee2f21eba751d016538_logo_word.svg
Про встановлення категорії готелю «HOTEL ABRI»,pro-vstanovlennya-kategoriyi-gotelyu-hotel-abri,66211aa77232900849a027bf,66267ca006d6297e2e3afdea,false,false,Mon Apr 22 2024 15:05:04 GMT+0000 (Coordinated Universal Time),Wed Dec 11 2024 16:11:26 GMT+0000 (Coordinated Universal Time),Tue Dec 31 2024 12:08:23 GMT+0000 (Coordinated Universal Time),https://assets-global.website-files.com/5fe0d678b18d7e19e32c3389/6551e0a1b6994159f5fcb4e2_hotel_abri.pdf,Tue Nov 07 2023 00:00:00 GMT+0000 (Coordinated Universal Time),142,https://assets-global.website-files.com/5fe0d678b18d7e19e32c3389/6551e0a1b6994159f5fcb4e2_hotel_abri.pdf,https://cdn.prod.website-files.com/5fe0d92bbc950c2267f450c4/6759b56ad4b2a6b67daacc6b_64d53ee2f21eba751d016538_logo_word.svg
Про встановлення категорії готелю «IBIS Київ Центр»,pro-vstanovlennya-kategoriyi-gotelyu-ibis-kiyiv-centr,66211aa77232900849a027bf,67570917e7bf0aed1c9d7205,false,false,Mon Dec 09 2024 15:13:27 GMT+0000 (Coordinated Universal Time),Wed Dec 11 2024 16:00:08 GMT+0000 (Coordinated Universal Time),Tue Dec 31 2024 12:08:23 GMT+0000 (Coordinated Universal Time),https://cdn.prod.website-files.com/5fe0d678b18d7e19e32c3389/6690fec58921fad7509973bd_ibis-hotel.pdf,Mon Jul 08 2024 00:00:00 GMT+0000 (Coordinated Universal Time),64,https://cdn.prod.website-files.com/5fe0d678b18d7e19e32c3389/6690fec58921fad7509973bd_ibis-hotel.pdf,https://cdn.prod.website-files.com/5fe0d92bbc950c2267f450c4/6759b56ad4b2a6b67daacc6b_64d53ee2f21eba751d016538_logo_word.svg
Про встановлення категорії  готелю «IL Decameron» ,pro-vstanovlennya-kategoriyi-gotelyu-il-decameron,66211aa77232900849a027bf,69a98fc480ab6f62924cbc28,false,false,Thu Mar 05 2026 14:14:28 GMT+0000 (Coordinated Universal Time),Thu Mar 05 2026 14:15:14 GMT+0000 (Coordinated Universal Time),Thu Mar 05 2026 14:15:14 GMT+0000 (Coordinated Universal Time),https://cdn.prod.website-files.com/5fe0d678b18d7e19e32c3389/69a98e9b80ab6f62924c1a34_decameron.pdf,Thu Feb 26 2026 00:00:00 GMT+0000 (Coordinated Universal Time),28,https://cdn.prod.website-files.com/5fe0d678b18d7e19e32c3389/69a98e9b80ab6f62924c1a34_decameron.pdf,https://cdn.prod.website-files.com/5fe0d92bbc950c2267f450c4/6759b56ad4b2a6b67daacc6b_64d53ee2f21eba751d016538_logo_word.svg
Про  встановлення категорії готелю «INTOURIST HOTEL» ,pro-vstanovlennya-kategoriyi-gotelyu-intourist-hotel,66211aa77232900849a027bf,66268755c30219341b5a03b3,false,false,Mon Apr 22 2024 15:50:44 GMT+0000 (Coordinated Universal Time),Wed Dec 11 2024 16:09:12 GMT+0000 (Coordinated Universal Time),Tue Dec 31 2024 12:08:23 GMT+0000 (Coordinated Universal Time),https://assets-global.website-files.com/5fe0d678b18d7e19e32c3389/65854269177e3a4e88422f0a_intourist.pdf,Tue Dec 19 2023 00:00:00 GMT+0000 (Coordinated Universal Time),159,https://assets-global.website-files.com/5fe0d678b18d7e19e32c3389/65854269177e3a4e88422f0a_intourist.pdf,https://cdn.prod.website-files.com/5fe0d92bbc950c2267f450c4/6759b56ad4b2a6b67daacc6b_64d53ee2f21eba751d016538_logo_word.svg
"Про встановлення категорії готелю ""КІРОФФ"" (""KIROFF HOTEL"")",pro-vstanovlennya-kategoriyi-gotelyu-kiroff-kiroff-hotel,66211aa77232900849a027bf,662678dd51a04a38409ee9f0,false,false,Mon Apr 22 2024 14:49:01 GMT+0000 (Coordinated Universal Time),Wed Dec 11 2024 16:14:34 GMT+0000 (Coordinated Universal Time),Tue Dec 31 2024 12:08:23 GMT+0000 (Coordinated Universal Time),https://assets-global.website-files.com/5fe0d678b18d7e19e32c3389/651ac8ff6c6ed99c3dc64a19_nakaz-113.pdf,Fri Sep 15 2023 00:00:00 GMT+0000 (Coordinated Universal Time),113,https://assets-global.website-files.com/5fe0d678b18d7e19e32c3389/651ac8ff6c6ed99c3dc64a19_nakaz-113.pdf,https://cdn.prod.website-files.com/5fe0d92bbc950c2267f450c4/6759b56ad4b2a6b67daacc6b_64d53ee2f21eba751d016538_logo_word.svg
"Про встановлення категорії готелю ""Київський готель МИР""",pro-vstanovlennya-kategoriyi-gotelyu-kiyivskiy-gotel-mir,66211aa77232900849a027bf,66267bfa946bdc414611bf7d,false,false,Mon Apr 22 2024 15:02:18 GMT+0000 (Coordinated Universal Time),Wed Dec 11 2024 16:12:14 GMT+0000 (Coordinated Universal Time),Tue Dec 31 2024 12:08:23 GMT+0000 (Coordinated Universal Time),https://assets-global.website-files.com/5fe0d678b18d7e19e32c3389/653fd1505c40471669315200_%D0%BC%D0%B8%D1%80.pdf,Tue Oct 24 2023 00:00:00 GMT+0000 (Coordinated Universal Time),136,https://assets-global.website-files.com/5fe0d678b18d7e19e32c3389/653fd1505c40471669315200_%D0%BC%D0%B8%D1%80.pdf,https://cdn.prod.website-files.com/5fe0d92bbc950c2267f450c4/6759b56ad4b2a6b67daacc6b_64d53ee2f21eba751d016538_logo_word.svg
Про встановлення категорії готелю «Кремінь»,pro-vstanovlennya-kategoriyi-gotelyu-kremin,66211aa77232900849a027bf,6789299d6c480f885f15684a,false,false,Thu Jan 16 2025 15:45:33 GMT+0000 (Coordinated Universal Time),Thu Jan 16 2025 15:45:33 GMT+0000 (Coordinated Universal Time),Thu Jan 16 2025 15:45:33 GMT+0000 (Coordinated Universal Time),https://cdn.prod.website-files.com/5fe0d678b18d7e19e32c3389/678928c5cefea0e49b21cbb2_kremin.pdf,Mon Jan 13 2025 00:00:00 GMT+0000 (Coordinated Universal Time),3,https://cdn.prod.website-files.com/5fe0d678b18d7e19e32c3389/678928c5cefea0e49b21cbb2_kremin.pdf,https://cdn.prod.website-files.com/5fe0d92bbc950c2267f450c4/6759b56ad4b2a6b67daacc6b_64d53ee2f21eba751d016538_logo_word.svg
Про встановлення категорії  готелю «КРОКУС»,pro-vstanovlennya-kategoriyi-gotelyu-krokus,66211aa77232900849a027bf,695bbe4b1ea6ab83360c1a36,false,false,Mon Jan 05 2026 13:36:11 GMT+0000 (Coordinated Universal Time),Mon Jan 05 2026 13:43:45 GMT+0000 (Coordinated Universal Time),Thu Jan 08 2026 12:30:37 GMT+0000 (Coordinated Universal Time),https://cdn.prod.website-files.com/5fe0d678b18d7e19e32c3389/695bbbff9120457553466635_crocus.pdf,Tue Dec 30 2025 00:00:00 GMT+0000 (Coordinated Universal Time),132,https://cdn.prod.website-files.com/5fe0d678b18d7e19e32c3389/695bbbff9120457553466635_crocus.pdf,https://cdn.prod.website-files.com/5fe0d92bbc950c2267f450c4/6759b56ad4b2a6b67daacc6b_64d53ee2f21eba751d016538_logo_word.svg
Про встановлення категорії готелю лікувально-оздоровчого типу «Київська Русь – Східниця»,pro-vstanovlennya-kategoriyi-gotelyu-likuvalno-ozdorovchogo-tipu-kiyivska-rus---shidnicya,66211aa77232900849a027bf,67627b18ced7da34f64d357a,false,false,Wed Dec 18 2024 07:34:48 GMT+0000 (Coordinated Universal Time),Wed Dec 18 2024 07:36:14 GMT+0000 (Coordinated Universal Time),Tue Dec 31 2024 12:08:23 GMT+0000 (Coordinated Universal Time),https://cdn.prod.website-files.com/5fe0d678b18d7e19e32c3389/67627b3eb956ba1b446d38fe_rus-shid.pdf,Mon Dec 16 2024 00:00:00 GMT+0000 (Coordinated Universal Time),127,https://cdn.prod.website-files.com/5fe0d678b18d7e19e32c3389/67627b3eb956ba1b446d38fe_rus-shid.pdf,https://cdn.prod.website-files.com/5fe0d92bbc950c2267f450c4/6759b56ad4b2a6b67daacc6b_64d53ee2f21eba751d016538_logo_word.svg
Про встановлення категорії готелю Лондон,pro-vstanovlennya-kategoriyi-gotelyu-london,66211aa77232900849a027bf,6621931ec3c9560952e2e7e6,false,false,Thu Apr 18 2024 21:39:42 GMT+0000 (Coordinated Universal Time),Wed Dec 11 2024 16:16:51 GMT+0000 (Coordinated Universal Time),Tue Dec 31 2024 12:08:23 GMT+0000 (Coordinated Universal Time),https://assets-global.website-files.com/5fe0d678b18d7e19e32c3389/64ec57f7f9ed8e26630c3a30_%D0%9D%D0%B0%D0%BA%D0%B0%D0%B7_%E2%84%96_104_%D0%B2%D1%96%D0%B4_22_08_2023_%D0%BF%D1%80%D0%BE_%D0%B2%D1%81%D1%82%D0%B0%D0%BD%D0%BE%D0%B2%D0%BB%D0%B5%D0%BD%D0%BD%D1%8F_%D0%BA%D0%B0%D1%82%D0%B5%D0%B3%D0%BE%D1%80%D1%96%D1%97_%D0%B3%D0%B3%D0%BE%D1%82%D0%B5%D0%BB%D1%8E_%D0%9B%D0%BE%D0%BD%D0%B4%D0%BE%D0%BD.pdf,Tue Aug 22 2023 00:00:00 GMT+0000 (Coordinated Universal Time),104,https://assets-global.website-files.com/5fe0d678b18d7e19e32c3389/64ec57f7f9ed8e26630c3a30_%D0%9D%D0%B0%D0%BA%D0%B0%D0%B7_%E2%84%96_104_%D0%B2%D1%96%D0%B4_22_08_2023_%D0%BF%D1%80%D0%BE_%D0%B2%D1%81%D1%82%D0%B0%D0%BD%D0%BE%D0%B2%D0%BB%D0%B5%D0%BD%D0%BD%D1%8F_%D0%BA%D0%B0%D1%82%D0%B5%D0%B3%D0%BE%D1%80%D1%96%D1%97_%D0%B3%D0%B3%D0%BE%D1%82%D0%B5%D0%BB%D1%8E_%D0%9B%D0%BE%D0%BD%D0%B4%D0%BE%D0%BD.pdf,https://cdn.prod.website-files.com/5fe0d92bbc950c2267f450c4/6759b56ad4b2a6b67daacc6b_64d53ee2f21eba751d016538_logo_word.svg
Про встановлення категорії готелю «M1 Club Hotel»,pro-vstanovlennya-kategoriyi-gotelyu-m1-club-hotel,66211aa77232900849a027bf,66268bd29a1c5bad2157d8f0,false,false,Mon Apr 22 2024 16:09:54 GMT+0000 (Coordinated Universal Time),Wed Dec 11 2024 16:06:05 GMT+0000 (Coordinated Universal Time),Tue Dec 31 2024 12:08:23 GMT+0000 (Coordinated Universal Time),https://assets-global.website-files.com/5fe0d678b18d7e19e32c3389/65fabc84285d6a18aec1981a_club_hotel.pdf,Fri Mar 15 2024 00:00:00 GMT+0000 (Coordinated Universal Time),28,https://assets-global.website-files.com/5fe0d678b18d7e19e32c3389/65fabc84285d6a18aec1981a_club_hotel.pdf,https://cdn.prod.website-files.com/5fe0d92bbc950c2267f450c4/6759b56ad4b2a6b67daacc6b_64d53ee2f21eba751d016538_logo_word.svg
"Про встановлення категорії готелю ""Менора"" (""MENORAH HOTEL"")",pro-vstanovlennya-kategoriyi-gotelyu-menora-menorah-hotel,66211aa77232900849a027bf,66267ad28e1e5c39779c27ad,false,false,Mon Apr 22 2024 14:57:22 GMT+0000 (Coordinated Universal Time),Wed Dec 11 2024 16:13:10 GMT+0000 (Coordinated Universal Time),Tue Dec 31 2024 12:08:23 GMT+0000 (Coordinated Universal Time),https://assets-global.website-files.com/5fe0d678b18d7e19e32c3389/6529435c67db73833ce6aecb_%D0%9D%D0%B0%D0%BA%D0%B0%D0%B7_%E2%84%96_130_%D0%B2%D1%96%D0%B4_10_10_2023_%D0%9F%D1%80%D0%BE_%D0%B2%D1%81%D1%82%D0%B0%D0%BD%D0%BE%D0%B2%D0%BB%D0%B5%D0%BD%D0%BD%D1%8F_%D0%BA%D0%B0%D1%82%D0%B5%D0%B3%D0%BE%D1%80%D1%96%D1%97_%D0%B3%D0%BE%D1%82%D0%B5%D0%BB%D1%8E_%D0%9C%D0%B5%D0%BD%D0%BE%D1%80%D0%B0.pdf,Tue Oct 10 2023 00:00:00 GMT+0000 (Coordinated Universal Time),130,https://assets-global.website-files.com/5fe0d678b18d7e19e32c3389/6529435c67db73833ce6aecb_%D0%9D%D0%B0%D0%BA%D0%B0%D0%B7_%E2%84%96_130_%D0%B2%D1%96%D0%B4_10_10_2023_%D0%9F%D1%80%D0%BE_%D0%B2%D1%81%D1%82%D0%B0%D0%BD%D0%BE%D0%B2%D0%BB%D0%B5%D0%BD%D0%BD%D1%8F_%D0%BA%D0%B0%D1%82%D0%B5%D0%B3%D0%BE%D1%80%D1%96%D1%97_%D0%B3%D0%BE%D1%82%D0%B5%D0%BB%D1%8E_%D0%9C%D0%B5%D0%BD%D0%BE%D1%80%D0%B0.pdf,https://cdn.prod.website-files.com/5fe0d92bbc950c2267f450c4/6759b56ad4b2a6b67daacc6b_64d53ee2f21eba751d016538_logo_word.svg
Про встановлення категорії готелю  «Mountain Residence Hotel wellness & spa»,pro-vstanovlennya-kategoriyi-gotelyu-mountain-residence-hotel-wellness-spa,66211aa77232900849a027bf,695bbeeb8177d8004a26fbd0,false,false,Mon Jan 05 2026 13:38:51 GMT+0000 (Coordinated Universal Time),Mon Jan 05 2026 13:48:51 GMT+0000 (Coordinated Universal Time),Thu Jan 08 2026 12:30:37 GMT+0000 (Coordinated Universal Time),https://cdn.prod.website-files.com/5fe0d678b18d7e19e32c3389/695bbbfaad9fd6775be002f6_mountain_residence.pdf,Tue Dec 30 2025 00:00:00 GMT+0000 (Coordinated Universal Time),134,https://cdn.prod.website-files.com/5fe0d678b18d7e19e32c3389/695bbbfaad9fd6775be002f6_mountain_residence.pdf,https://cdn.prod.website-files.com/5fe0d92bbc950c2267f450c4/6759b56ad4b2a6b67daacc6b_64d53ee2f21eba751d016538_logo_word.svg
Про встановлення категорії готелю «Національний»,pro-vstanovlennya-kategoriyi-gotelyu-nacionalniy,66211aa77232900849a027bf,67570e40954983c1d07a919d,false,false,Mon Dec 09 2024 15:35:28 GMT+0000 (Coordinated Universal Time),Wed Dec 11 2024 15:55:41 GMT+0000 (Coordinated Universal Time),Tue Dec 31 2024 12:08:23 GMT+0000 (Coordinated Universal Time),https://cdn.prod.website-files.com/5fe0d678b18d7e19e32c3389/6731ef84e995778eb1786376_natsionalny.pdf,Fri Nov 08 2024 00:00:00 GMT+0000 (Coordinated Universal Time),110,https://cdn.prod.website-files.com/5fe0d678b18d7e19e32c3389/6731ef84e995778eb1786376_natsionalny.pdf,https://cdn.prod.website-files.com/5fe0d92bbc950c2267f450c4/6759b56ad4b2a6b67daacc6b_64d53ee2f21eba751d016538_logo_word.svg
"Про встановлення категорії готелю «НЕМО Готель Резорт & СПА»  ""NEMO Hotel""",pro-vstanovlennya-kategoriyi-gotelyu-nemo-gotel-rezort-spa-nemo-hotel,66211aa77232900849a027bf,6626756a21a6786ac6726b01,false,false,Mon Apr 22 2024 14:34:18 GMT+0000 (Coordinated Universal Time),Wed Dec 11 2024 16:16:15 GMT+0000 (Coordinated Universal Time),Tue Dec 31 2024 12:08:23 GMT+0000 (Coordinated Universal Time),https://drive.google.com/file/d/1ScmMGefmabdfixd7yZNA73GmjtD3QRY5/view,Fri Sep 01 2023 00:00:00 GMT+0000 (Coordinated Universal Time),106,https://drive.google.com/file/d/1ScmMGefmabdfixd7yZNA73GmjtD3QRY5/view,https://cdn.prod.website-files.com/5fe0d92bbc950c2267f450c4/6759b56ad4b2a6b67daacc6b_64d53ee2f21eba751d016538_logo_word.svg
Про встановлення категорії готелю «ONOVO Dendra Hotel»,pro-vstanovlennya-kategoriyi-gotelyu-onovo-dendra-hotel,66211aa77232900849a027bf,66267f01ddbb69c9bcd67fd4,false,false,Mon Apr 22 2024 15:15:13 GMT+0000 (Coordinated Universal Time),Wed Dec 11 2024 16:10:41 GMT+0000 (Coordinated Universal Time),Tue Dec 31 2024 12:08:23 GMT+0000 (Coordinated Universal Time),https://assets-global.website-files.com/5fe0d678b18d7e19e32c3389/656f58a1565a2c0eeecdcd1b_%D0%BE%D0%BD%D0%BE%D0%B2%D0%BE-%D0%B4%D0%B5%D0%BD%D0%B4%D1%80%D0%B0-%D1%85%D0%BE%D1%82%D0%B5%D0%BB.pdf,Fri Dec 01 2023 00:00:00 GMT+0000 (Coordinated Universal Time),149,https://assets-global.website-files.com/5fe0d678b18d7e19e32c3389/656f58a1565a2c0eeecdcd1b_%D0%BE%D0%BD%D0%BE%D0%B2%D0%BE-%D0%B4%D0%B5%D0%BD%D0%B4%D1%80%D0%B0-%D1%85%D0%BE%D1%82%D0%B5%D0%BB.pdf,https://cdn.prod.website-files.com/5fe0d92bbc950c2267f450c4/6759b56ad4b2a6b67daacc6b_64d53ee2f21eba751d016538_logo_word.svg
Про встановлення категорії готелю «Оптіма Черкаси»,pro-vstanovlennya-kategoriyi-gotelyu-optima-cherkasi,66211aa77232900849a027bf,676279e294389be281b030aa,false,false,Wed Dec 18 2024 07:29:38 GMT+0000 (Coordinated Universal Time),Wed Dec 18 2024 07:37:28 GMT+0000 (Coordinated Universal Time),Tue Dec 31 2024 12:08:23 GMT+0000 (Coordinated Universal Time),https://cdn.prod.website-files.com/5fe0d678b18d7e19e32c3389/67627b3e43ac7f2dae83e611_optima-cherkassy.pdf,Mon Dec 16 2024 00:00:00 GMT+0000 (Coordinated Universal Time),129,https://cdn.prod.website-files.com/5fe0d678b18d7e19e32c3389/67627b3e43ac7f2dae83e611_optima-cherkassy.pdf,https://cdn.prod.website-files.com/5fe0d92bbc950c2267f450c4/6759b56ad4b2a6b67daacc6b_64d53ee2f21eba751d016538_logo_word.svg
 Про встановлення категорії  готелю «Оптіма Дворжец» ,pro-vstanovlennya-kategoriyi-gotelyu-optima-dvorzhec,66211aa77232900849a027bf,688a65b1a3fc1b59742d299d,false,false,Wed Jul 30 2025 18:34:25 GMT+0000 (Coordinated Universal Time),Wed Jul 30 2025 18:35:45 GMT+0000 (Coordinated Universal Time),Fri Aug 15 2025 12:44:24 GMT+0000 (Coordinated Universal Time),https://cdn.prod.website-files.com/5fe0d678b18d7e19e32c3389/688a649e2b2e6c809d26e9b0_optima-dvorgec.pdf,Fri Jul 25 2025 00:00:00 GMT+0000 (Coordinated Universal Time),82,https://cdn.prod.website-files.com/5fe0d678b18d7e19e32c3389/688a649e2b2e6c809d26e9b0_optima-dvorgec.pdf,https://cdn.prod.website-files.com/5fe0d92bbc950c2267f450c4/6759b56ad4b2a6b67daacc6b_64d53ee2f21eba751d016538_logo_word.svg
Про встановлення категорії готелю «Оптіма Колекція Чернігів»,pro-vstanovlennya-kategoriyi-gotelyu-optima-kolekciya-chernigiv,66211aa77232900849a027bf,67570deba460b96099b226f0,false,false,Mon Dec 09 2024 15:34:03 GMT+0000 (Coordinated Universal Time),Wed Dec 11 2024 15:56:07 GMT+0000 (Coordinated Universal Time),Tue Dec 31 2024 12:08:23 GMT+0000 (Coordinated Universal Time),https://cdn.prod.website-files.com/5fe0d678b18d7e19e32c3389/67191c1d663c0c5eef7f5c02_order105.pdf,Tue Oct 22 2024 00:00:00 GMT+0000 (Coordinated Universal Time),105,https://cdn.prod.website-files.com/5fe0d678b18d7e19e32c3389/67191c1d663c0c5eef7f5c02_order105.pdf,
Про встановлення категорії готелю «Оптіма Колекція Кам’янське»,pro-vstanovlennya-kategoriyi-gotelyu-optima-kolekciya-kamyanske,66211aa77232900849a027bf,67d00b48d88dfcaae86ecb9a,false,false,Tue Mar 11 2025 10:07:04 GMT+0000 (Coordinated Universal Time),Tue Mar 11 2025 10:07:04 GMT+0000 (Coordinated Universal Time),Tue Mar 11 2025 10:07:04 GMT+0000 (Coordinated Universal Time),https://cdn.prod.website-files.com/5fe0d678b18d7e19e32c3389/67d00af74db2a5ec551d4000_optima-collection.pdf,Tue Mar 11 2025 00:00:00 GMT+0000 (Coordinated Universal Time),29,https://cdn.prod.website-files.com/5fe0d678b18d7e19e32c3389/67d00af74db2a5ec551d4000_optima-collection.pdf,https://cdn.prod.website-files.com/5fe0d92bbc950c2267f450c4/6759b56ad4b2a6b67daacc6b_64d53ee2f21eba751d016538_logo_word.svg
Про встановлення категорії готелю  «Оптіма Колекція Медіваль»,pro-vstanovlennya-kategoriyi-gotelyu-optima-kolekciya-medival,66211aa77232900849a027bf,68f5e4cc54f5fb6c18bebaf1,false,false,Mon Oct 20 2025 07:29:16 GMT+0000 (Coordinated Universal Time),Mon Oct 20 2025 07:29:54 GMT+0000 (Coordinated Universal Time),Wed Oct 22 2025 14:32:23 GMT+0000 (Coordinated Universal Time),https://cdn.prod.website-files.com/5fe0d678b18d7e19e32c3389/68f5e35982d3438196436084_optima_medival.pdf,Fri Oct 17 2025 00:00:00 GMT+0000 (Coordinated Universal Time),114,https://cdn.prod.website-files.com/5fe0d678b18d7e19e32c3389/68f5e35982d3438196436084_optima_medival.pdf,https://cdn.prod.website-files.com/5fe0d92bbc950c2267f450c4/6759b56ad4b2a6b67daacc6b_64d53ee2f21eba751d016538_logo_word.svg
Про встановлення категорії готелю «Оптіма Колекція Троїцька»,pro-vstanovlennya-kategoriyi-gotelyu-optima-kolekciya-troyicka,66211aa77232900849a027bf,675707091eef0ea6705ef411,false,false,Mon Dec 09 2024 15:04:41 GMT+0000 (Coordinated Universal Time),Wed Dec 11 2024 16:02:26 GMT+0000 (Coordinated Universal Time),Tue Dec 31 2024 12:08:23 GMT+0000 (Coordinated Universal Time),https://cdn.prod.website-files.com/5fe0d678b18d7e19e32c3389/665720aa0c5054437a7feb1e_optima_collection.pdf,Mon May 27 2024 00:00:00 GMT+0000 (Coordinated Universal Time),52,https://cdn.prod.website-files.com/5fe0d678b18d7e19e32c3389/665720aa0c5054437a7feb1e_optima_collection.pdf,https://cdn.prod.website-files.com/5fe0d92bbc950c2267f450c4/6759b56ad4b2a6b67daacc6b_64d53ee2f21eba751d016538_logo_word.svg
Про встановлення категорії готелю «Оптіма Рівне»,pro-vstanovlennya-kategoriyi-gotelyu-optima-rivne,66211aa77232900849a027bf,67627a22815dfc2c95f33e0a,false,false,Wed Dec 18 2024 07:30:42 GMT+0000 (Coordinated Universal Time),Wed Dec 18 2024 07:36:53 GMT+0000 (Coordinated Universal Time),Tue Dec 31 2024 12:08:23 GMT+0000 (Coordinated Universal Time),https://cdn.prod.website-files.com/5fe0d678b18d7e19e32c3389/67627b3ebc95cecba4580d32_optima-rivne.pdf,Mon Dec 16 2024 00:00:00 GMT+0000 (Coordinated Universal Time),128,https://cdn.prod.website-files.com/5fe0d678b18d7e19e32c3389/67627b3ebc95cecba4580d32_optima-rivne.pdf,https://cdn.prod.website-files.com/5fe0d92bbc950c2267f450c4/6759b56ad4b2a6b67daacc6b_64d53ee2f21eba751d016538_logo_word.svg
Про  встановлення категорії готелю «Palace Del Mar»,pro-vstanovlennya-kategoriyi-gotelyu-palace-del-mar,66211aa77232900849a027bf,66268d1a429849dc3dfee845,false,false,Mon Apr 22 2024 16:15:22 GMT+0000 (Coordinated Universal Time),Wed Dec 11 2024 16:04:42 GMT+0000 (Coordinated Universal Time),Tue Dec 31 2024 12:08:23 GMT+0000 (Coordinated Universal Time),https://assets-global.website-files.com/5fe0d678b18d7e19e32c3389/661fdd01db1215638baec9ce_palace_del_mar.pdf,Mon Apr 15 2024 00:00:00 GMT+0000 (Coordinated Universal Time),35,https://assets-global.website-files.com/5fe0d678b18d7e19e32c3389/661fdd01db1215638baec9ce_palace_del_mar.pdf,https://cdn.prod.website-files.com/5fe0d92bbc950c2267f450c4/6759b56ad4b2a6b67daacc6b_64d53ee2f21eba751d016538_logo_word.svg
"Про встановлення категорії  готелю «Radisson Blu Hotel, Kyiv  City Centre» ",pro-vstanovlennya-kategoriyi-gotelyu-radisson-blu-hotel-kyiv-city-centre,66211aa77232900849a027bf,68ba9ce8c7eeb2d93476d9e3,false,false,Fri Sep 05 2025 08:18:48 GMT+0000 (Coordinated Universal Time),Fri Sep 05 2025 08:20:11 GMT+0000 (Coordinated Universal Time),Fri Sep 05 2025 12:02:28 GMT+0000 (Coordinated Universal Time),https://cdn.prod.website-files.com/5fe0d678b18d7e19e32c3389/68ba9ca352ce1751333cb735_radisson-blu.pdf,Wed Sep 03 2025 00:00:00 GMT+0000 (Coordinated Universal Time),98,https://cdn.prod.website-files.com/5fe0d678b18d7e19e32c3389/68ba9ca352ce1751333cb735_radisson-blu.pdf,https://cdn.prod.website-files.com/5fe0d92bbc950c2267f450c4/6759b56ad4b2a6b67daacc6b_64d53ee2f21eba751d016538_logo_word.svg
"Про встановлення категорії готелю ""Ribas Rooms Bila Tserkva""",pro-vstanovlennya-kategoriyi-gotelyu-ribas-rooms-bila-tserkva,66211aa77232900849a027bf,66267a861ed93eb62b5ae8e6,false,false,Mon Apr 22 2024 14:56:06 GMT+0000 (Coordinated Universal Time),Wed Dec 11 2024 16:13:30 GMT+0000 (Coordinated Universal Time),Tue Dec 31 2024 12:08:23 GMT+0000 (Coordinated Universal Time),https://assets-global.website-files.com/5fe0d678b18d7e19e32c3389/6529433d6ef0a823ba310a51_%D0%9D%D0%B0%D0%BA%D0%B0%D0%B7_%E2%84%96_128_%D0%B2%D1%96%D0%B4_10_10_2023_%D0%9F%D1%80%D0%BE_%D0%B2%D1%81%D1%82%D0%B0%D0%BD%D0%BE%D0%B2%D0%BB%D0%B5%D0%BD%D0%BD%D1%8F_%D0%BA%D0%B0%D1%82%D0%B5%D0%B3%D0%BE%D1%80%D1%96%D1%97_%D0%B3%D0%BE%D1%82%D0%B5%D0%BB%D1%8E_Ribas.pdf,Tue Oct 10 2023 00:00:00 GMT+0000 (Coordinated Universal Time),128,https://assets-global.website-files.com/5fe0d678b18d7e19e32c3389/6529433d6ef0a823ba310a51_%D0%9D%D0%B0%D0%BA%D0%B0%D0%B7_%E2%84%96_128_%D0%B2%D1%96%D0%B4_10_10_2023_%D0%9F%D1%80%D0%BE_%D0%B2%D1%81%D1%82%D0%B0%D0%BD%D0%BE%D0%B2%D0%BB%D0%B5%D0%BD%D0%BD%D1%8F_%D0%BA%D0%B0%D1%82%D0%B5%D0%B3%D0%BE%D1%80%D1%96%D1%97_%D0%B3%D0%BE%D1%82%D0%B5%D0%BB%D1%8E_Ribas.pdf,https://cdn.prod.website-files.com/5fe0d92bbc950c2267f450c4/6759b56ad4b2a6b67daacc6b_64d53ee2f21eba751d016538_logo_word.svg
Про встановлення категорії готелю Санаторно-курортного комплексу ТОВ «АКВАДАР РЕЗОРТ»,pro-vstanovlennya-kategoriyi-gotelyu-sanatorno-kurortnogo-kompleksu-tov-akvadar-rezort,66211aa77232900849a027bf,67570a97b11399472d2f4def,false,false,Mon Dec 09 2024 15:19:51 GMT+0000 (Coordinated Universal Time),Wed Dec 11 2024 15:58:43 GMT+0000 (Coordinated Universal Time),Tue Dec 31 2024 12:08:23 GMT+0000 (Coordinated Universal Time),https://cdn.prod.website-files.com/5fe0d678b18d7e19e32c3389/66c859cebea2e1690ff0e628_akvadar-resort.pdf,Mon Aug 19 2024 00:00:00 GMT+0000 (Coordinated Universal Time),79,https://cdn.prod.website-files.com/5fe0d678b18d7e19e32c3389/66c859cebea2e1690ff0e628_akvadar-resort.pdf,https://cdn.prod.website-files.com/5fe0d92bbc950c2267f450c4/6759b56ad4b2a6b67daacc6b_64d53ee2f21eba751d016538_logo_word.svg
Про встановлення категорії готелю Silver,pro-vstanovlennya-kategoriyi-gotelyu-silver,66211aa77232900849a027bf,662193961da0439ab6e98fb1,false,false,Thu Apr 18 2024 21:41:42 GMT+0000 (Coordinated Universal Time),Wed Dec 11 2024 16:16:27 GMT+0000 (Coordinated Universal Time),Tue Dec 31 2024 12:08:23 GMT+0000 (Coordinated Universal Time),https://assets-global.website-files.com/5fe0d678b18d7e19e32c3389/64ec57f77913e82b341990dc_%D0%9D%D0%B0%D0%BA%D0%B0%D0%B7_%E2%84%96102_%D0%B2%D1%96%D0%B4_22_08_2023_%D0%9F%D1%80%D0%BE_%D0%B2%D1%81%D1%82%D0%B0%D0%B3%D0%BE%D0%B2%D0%BB%D0%B5%D0%BD%D0%BD%D1%8F_%D0%BA%D0%B0%D1%82%D0%B5%D0%B3%D0%BE%D1%80%D1%96%D1%97_%D0%B3%D0%BE%D1%82%D0%B5%D0%BB%D1%8E_Silver.pdf,Tue Aug 22 2023 00:00:00 GMT+0000 (Coordinated Universal Time),102,https://assets-global.website-files.com/5fe0d678b18d7e19e32c3389/64ec57f77913e82b341990dc_%D0%9D%D0%B0%D0%BA%D0%B0%D0%B7_%E2%84%96102_%D0%B2%D1%96%D0%B4_22_08_2023_%D0%9F%D1%80%D0%BE_%D0%B2%D1%81%D1%82%D0%B0%D0%B3%D0%BE%D0%B2%D0%BB%D0%B5%D0%BD%D0%BD%D1%8F_%D0%BA%D0%B0%D1%82%D0%B5%D0%B3%D0%BE%D1%80%D1%96%D1%97_%D0%B3%D0%BE%D1%82%D0%B5%D0%BB%D1%8E_Silver.pdf,https://cdn.prod.website-files.com/5fe0d92bbc950c2267f450c4/6759b56ad4b2a6b67daacc6b_64d53ee2f21eba751d016538_logo_word.svg
"Про встановлення категорії готелю ""Сіті Парк Готель"" Біла Церква",pro-vstanovlennya-kategoriyi-gotelyu-siti-park-gotel-bila-cerkva,66211aa77232900849a027bf,66267874fc93f1d0dc13786b,false,false,Mon Apr 22 2024 14:47:16 GMT+0000 (Coordinated Universal Time),Wed Dec 11 2024 16:15:04 GMT+0000 (Coordinated Universal Time),Tue Dec 31 2024 12:08:23 GMT+0000 (Coordinated Universal Time),https://assets-global.website-files.com/5fe0d678b18d7e19e32c3389/651ac7ae326a855d48a125a5_nakaz-114.pdf,Fri Sep 15 2023 00:00:00 GMT+0000 (Coordinated Universal Time),114,https://assets-global.website-files.com/5fe0d678b18d7e19e32c3389/651ac7ae326a855d48a125a5_nakaz-114.pdf,https://cdn.prod.website-files.com/5fe0d92bbc950c2267f450c4/6759b56ad4b2a6b67daacc6b_64d53ee2f21eba751d016538_logo_word.svg
Про встановлення категорії готелю «SMALLHOTEL» ,pro-vstanovlennya-kategoriyi-gotelyu-smallhotel,66211aa77232900849a027bf,67570f07300c51acda46f68a,false,false,Mon Dec 09 2024 15:38:47 GMT+0000 (Coordinated Universal Time),Wed Dec 11 2024 15:55:01 GMT+0000 (Coordinated Universal Time),Tue Dec 31 2024 12:08:23 GMT+0000 (Coordinated Universal Time),https://cdn.prod.website-files.com/5fe0d678b18d7e19e32c3389/674834f896664fd4119f28d4_smallhotel.pdf,Mon Nov 25 2024 00:00:00 GMT+0000 (Coordinated Universal Time),116,https://cdn.prod.website-files.com/5fe0d678b18d7e19e32c3389/674834f896664fd4119f28d4_smallhotel.pdf,https://cdn.prod.website-files.com/5fe0d92bbc950c2267f450c4/6759b56ad4b2a6b67daacc6b_64d53ee2f21eba751d016538_logo_word.svg
"Про встановлення категорії готелю «Спа-готель ""Grand Marin""»",pro-vstanovlennya-kategoriyi-gotelyu-spa-gotel-grand-marin,66211aa77232900849a027bf,66267f70eecafd930d152bd0,false,false,Mon Apr 22 2024 15:17:04 GMT+0000 (Coordinated Universal Time),Wed Dec 11 2024 16:10:19 GMT+0000 (Coordinated Universal Time),Tue Dec 31 2024 12:08:23 GMT+0000 (Coordinated Universal Time),https://assets-global.website-files.com/5fe0d678b18d7e19e32c3389/656f58ad4ff8dce019156f91_%D0%B3%D1%80%D0%B0%D0%BD%D0%B4-%D0%BC%D0%B0%D1%80%D1%96%D0%BD.pdf,Fri Dec 01 2023 00:00:00 GMT+0000 (Coordinated Universal Time),151,https://assets-global.website-files.com/5fe0d678b18d7e19e32c3389/656f58ad4ff8dce019156f91_%D0%B3%D1%80%D0%B0%D0%BD%D0%B4-%D0%BC%D0%B0%D1%80%D1%96%D0%BD.pdf,https://cdn.prod.website-files.com/5fe0d92bbc950c2267f450c4/6759b56ad4b2a6b67daacc6b_64d53ee2f21eba751d016538_logo_word.svg
"Про встановлення категорії готелю ""Стар""",pro-vstanovlennya-kategoriyi-gotelyu-star,66211aa77232900849a027bf,66267b82a81b9bca521c077d,false,false,Mon Apr 22 2024 15:00:18 GMT+0000 (Coordinated Universal Time),Wed Dec 11 2024 16:12:37 GMT+0000 (Coordinated Universal Time),Tue Dec 31 2024 12:08:23 GMT+0000 (Coordinated Universal Time),https://assets-global.website-files.com/5fe0d678b18d7e19e32c3389/653fcf830a5fce3bf4a8aaae_%D1%81%D1%82%D0%B0%D1%80.pdf,Tue Oct 24 2023 00:00:00 GMT+0000 (Coordinated Universal Time),134,https://assets-global.website-files.com/5fe0d678b18d7e19e32c3389/653fcf830a5fce3bf4a8aaae_%D1%81%D1%82%D0%B0%D1%80.pdf,https://cdn.prod.website-files.com/5fe0d92bbc950c2267f450c4/6759b56ad4b2a6b67daacc6b_64d53ee2f21eba751d016538_logo_word.svg
"Про встановлення категорії готелю ""Старо""",pro-vstanovlennya-kategoriyi-gotelyu-staro,66211aa77232900849a027bf,66267bbf19f292a4a6173a09,false,false,Mon Apr 22 2024 15:01:19 GMT+0000 (Coordinated Universal Time),Wed Dec 11 2024 16:12:25 GMT+0000 (Coordinated Universal Time),Tue Dec 31 2024 12:08:23 GMT+0000 (Coordinated Universal Time),https://assets-global.website-files.com/5fe0d678b18d7e19e32c3389/653fd0bfc7ef5c428171a619_%D1%81%D1%82%D0%B0%D1%80%D0%BE.pdf,Tue Oct 24 2023 00:00:00 GMT+0000 (Coordinated Universal Time),135,https://assets-global.website-files.com/5fe0d678b18d7e19e32c3389/653fd0bfc7ef5c428171a619_%D1%81%D1%82%D0%B0%D1%80%D0%BE.pdf,https://cdn.prod.website-files.com/5fe0d92bbc950c2267f450c4/6759b56ad4b2a6b67daacc6b_64d53ee2f21eba751d016538_logo_word.svg
 Про встановлення категорії готелю  «Tulip Residences Lviv»,pro-vstanovlennya-kategoriyi-gotelyu-tulip-residences-lviv,66211aa77232900849a027bf,68f5e3c2235bd4f2f3881f7e,false,false,Mon Oct 20 2025 07:24:50 GMT+0000 (Coordinated Universal Time),Mon Oct 20 2025 07:25:31 GMT+0000 (Coordinated Universal Time),Wed Oct 22 2025 14:32:23 GMT+0000 (Coordinated Universal Time),https://cdn.prod.website-files.com/5fe0d678b18d7e19e32c3389/68f5e359e06d4f150c1002c1_tulip_residence.pdf,Fri Oct 17 2025 00:00:00 GMT+0000 (Coordinated Universal Time),113,https://cdn.prod.website-files.com/5fe0d678b18d7e19e32c3389/68f5e359e06d4f150c1002c1_tulip_residence.pdf,https://cdn.prod.website-files.com/5fe0d92bbc950c2267f450c4/6759b56ad4b2a6b67daacc6b_64d53ee2f21eba751d016538_logo_word.svg
Про встановлення категорії готелю Турист,pro-vstanovlennya-kategoriyi-gotelyu-turist,66211aa77232900849a027bf,662677b6b83c9f7a3530c45f,false,false,Mon Apr 22 2024 14:44:06 GMT+0000 (Coordinated Universal Time),Wed Dec 11 2024 16:15:33 GMT+0000 (Coordinated Universal Time),Tue Dec 31 2024 12:08:23 GMT+0000 (Coordinated Universal Time),https://assets-global.website-files.com/5fe0d678b18d7e19e32c3389/651ac5787908fca636358878_%D0%9D%D0%B0%D0%BA%D0%B0%D0%B7_%E2%84%96_118_%D0%B2%D1%96%D0%B4_18_09_2023_%D0%9F%D1%80%D0%BE_%D0%B2%D1%81%D1%82%D0%B0%D0%BD%D0%BE%D0%B2%D0%BB%D0%B5%D0%BD%D0%BD%D1%8F_%D0%BA%D0%B0%D1%82%D0%B5%D0%B3%D0%BE%D1%80%D1%96%D1%97_%D0%B3%D0%BE%D1%82%D0%B5%D0%BB%D1%8E_%D0%A2%D1%83%D1%80%D0%B8%D1%81%D1%82.pdf,Mon Sep 18 2023 00:00:00 GMT+0000 (Coordinated Universal Time),118,https://assets-global.website-files.com/5fe0d678b18d7e19e32c3389/651ac5787908fca636358878_%D0%9D%D0%B0%D0%BA%D0%B0%D0%B7_%E2%84%96_118_%D0%B2%D1%96%D0%B4_18_09_2023_%D0%9F%D1%80%D0%BE_%D0%B2%D1%81%D1%82%D0%B0%D0%BD%D0%BE%D0%B2%D0%BB%D0%B5%D0%BD%D0%BD%D1%8F_%D0%BA%D0%B0%D1%82%D0%B5%D0%B3%D0%BE%D1%80%D1%96%D1%97_%D0%B3%D0%BE%D1%82%D0%B5%D0%BB%D1%8E_%D0%A2%D1%83%D1%80%D0%B8%D1%81%D1%82.pdf,https://cdn.prod.website-files.com/5fe0d92bbc950c2267f450c4/6759b56ad4b2a6b67daacc6b_64d53ee2f21eba751d016538_logo_word.svg
Про  встановлення категорії готелю «Україна» ,pro-vstanovlennya-kategoriyi-gotelyu-ukrayina,66211aa77232900849a027bf,662687a75bbc82e3282c8e27,false,false,Mon Apr 22 2024 15:52:07 GMT+0000 (Coordinated Universal Time),Wed Dec 11 2024 16:09:01 GMT+0000 (Coordinated Universal Time),Tue Dec 31 2024 12:08:23 GMT+0000 (Coordinated Universal Time),https://assets-global.website-files.com/5fe0d678b18d7e19e32c3389/6594b2a3b486e312b0947990_ukraina.pdf,Thu Dec 28 2023 00:00:00 GMT+0000 (Coordinated Universal Time),160,https://assets-global.website-files.com/5fe0d678b18d7e19e32c3389/6594b2a3b486e312b0947990_ukraina.pdf,https://cdn.prod.website-files.com/5fe0d92bbc950c2267f450c4/6759b56ad4b2a6b67daacc6b_64d53ee2f21eba751d016538_logo_word.svg
Про встановлення категорії готелю «Україна»,pro-vstanovlennya-kategoriyi-gotelyu-ukrayina-2,66211aa77232900849a027bf,675708f1a86ba8f5150a3d00,false,false,Mon Dec 09 2024 15:12:49 GMT+0000 (Coordinated Universal Time),Wed Dec 11 2024 16:00:17 GMT+0000 (Coordinated Universal Time),Tue Dec 31 2024 12:08:23 GMT+0000 (Coordinated Universal Time),https://cdn.prod.website-files.com/5fe0d678b18d7e19e32c3389/6690fec51e233e2bb8d4beae_hotel-ukraine.pdf,Mon Jul 08 2024 00:00:00 GMT+0000 (Coordinated Universal Time),63,https://cdn.prod.website-files.com/5fe0d678b18d7e19e32c3389/6690fec51e233e2bb8d4beae_hotel-ukraine.pdf,https://cdn.prod.website-files.com/5fe0d92bbc950c2267f450c4/6759b56ad4b2a6b67daacc6b_64d53ee2f21eba751d016538_logo_word.svg
Про встановлення категорії готелю  «ВАРАШ» ,pro-vstanovlennya-kategoriyi-gotelyu-varash,66211aa77232900849a027bf,662687153680fb544b46e355,false,false,Mon Apr 22 2024 15:49:41 GMT+0000 (Coordinated Universal Time),Wed Dec 11 2024 16:09:23 GMT+0000 (Coordinated Universal Time),Tue Dec 31 2024 12:08:23 GMT+0000 (Coordinated Universal Time),https://assets-global.website-files.com/5fe0d678b18d7e19e32c3389/658542693a0e8566e2737210_varash.pdf,Tue Dec 19 2023 00:00:00 GMT+0000 (Coordinated Universal Time),158,https://assets-global.website-files.com/5fe0d678b18d7e19e32c3389/658542693a0e8566e2737210_varash.pdf,https://cdn.prod.website-files.com/5fe0d92bbc950c2267f450c4/6759b56ad4b2a6b67daacc6b_64d53ee2f21eba751d016538_logo_word.svg
Про встановлення категорії готелю «Вараш»,pro-vstanovlennya-kategoriyi-gotelyu-varash-2,66211aa77232900849a027bf,67570c152059cf5ee27c4512,false,false,Mon Dec 09 2024 15:26:13 GMT+0000 (Coordinated Universal Time),Wed Dec 11 2024 15:57:27 GMT+0000 (Coordinated Universal Time),Tue Dec 31 2024 12:08:23 GMT+0000 (Coordinated Universal Time),https://cdn.prod.website-files.com/5fe0d678b18d7e19e32c3389/66e2ff0ec7a5fb8414f4bfd6_varash.pdf,Mon Sep 09 2024 00:00:00 GMT+0000 (Coordinated Universal Time),90,https://cdn.prod.website-files.com/5fe0d678b18d7e19e32c3389/66e2ff0ec7a5fb8414f4bfd6_varash.pdf,https://cdn.prod.website-files.com/5fe0d92bbc950c2267f450c4/6759b56ad4b2a6b67daacc6b_64d53ee2f21eba751d016538_logo_word.svg
Про встановлення категорії готелю Верховина,pro-vstanovlennya-kategoriyi-gotelyu-verhovina,66211aa77232900849a027bf,66267a1921a6786ac6764549,false,false,Mon Apr 22 2024 14:54:17 GMT+0000 (Coordinated Universal Time),Wed Dec 11 2024 16:13:51 GMT+0000 (Coordinated Universal Time),Tue Dec 31 2024 12:08:23 GMT+0000 (Coordinated Universal Time),https://assets-global.website-files.com/5fe0d678b18d7e19e32c3389/65294286e67e6418acf0fcf4_%D0%9D%D0%B0%D0%BA%D0%B0%D0%B7_%E2%84%96_126_%D0%B2%D1%96%D0%B4_10_10_2023_%D0%9F%D1%80%D0%BE_%D0%B2%D1%81%D1%82%D0%B0%D0%BD%D0%BE%D0%B2%D0%BB%D0%B5%D0%BD%D0%BD%D1%8F_%D0%BA%D0%B0%D1%82%D0%B5%D0%B3%D0%BE%D1%80%D1%96%D1%97_%D0%B3%D0%BE%D1%82%D0%B5%D0%BB%D1%8E_%D0%92%D0%B5%D1%80%D1%85%D0%BE%D0%B2%D0%B8%D0%BD%D0,Tue Oct 10 2023 00:00:00 GMT+0000 (Coordinated Universal Time),126,https://assets-global.website-files.com/5fe0d678b18d7e19e32c3389/65294286e67e6418acf0fcf4_%D0%9D%D0%B0%D0%BA%D0%B0%D0%B7_%E2%84%96_126_%D0%B2%D1%96%D0%B4_10_10_2023_%D0%9F%D1%80%D0%BE_%D0%B2%D1%81%D1%82%D0%B0%D0%BD%D0%BE%D0%B2%D0%BB%D0%B5%D0%BD%D0%BD%D1%8F_%D0%BA%D0%B0%D1%82%D0%B5%D0%B3%D0%BE%D1%80%D1%96%D1%97_%D0%B3%D0%BE%D1%82%D0%B5%D0%BB%D1%8E_%D0%92%D0%B5%D1%80%D1%85%D0%BE%D0%B2%D0%B8%D0%BD%D0,https://cdn.prod.website-files.com/5fe0d92bbc950c2267f450c4/6759b56ad4b2a6b67daacc6b_64d53ee2f21eba751d016538_logo_word.svg
Про  встановлення категорії готелю «Віта Парк Карпати» ,pro-vstanovlennya-kategoriyi-gotelyu-vita-park-karpati,66211aa77232900849a027bf,6626881421c14cb521f0a6b6,false,false,Mon Apr 22 2024 15:53:56 GMT+0000 (Coordinated Universal Time),Wed Dec 11 2024 16:08:37 GMT+0000 (Coordinated Universal Time),Tue Dec 31 2024 12:08:23 GMT+0000 (Coordinated Universal Time),https://assets-global.website-files.com/5fe0d678b18d7e19e32c3389/6594b2a3e9514696ada24081_park_karpaty.pdf,Thu Dec 28 2023 00:00:00 GMT+0000 (Coordinated Universal Time),162,https://assets-global.website-files.com/5fe0d678b18d7e19e32c3389/6594b2a3e9514696ada24081_park_karpaty.pdf,https://cdn.prod.website-files.com/5fe0d92bbc950c2267f450c4/6759b56ad4b2a6b67daacc6b_64d53ee2f21eba751d016538_logo_word.svg
 Про встановлення категорії  готелю «Віта Парк Поляна»,pro-vstanovlennya-kategoriyi-gotelyu-vita-park-polyana,66211aa77232900849a027bf,688a6691e4b41397615c3926,false,false,Wed Jul 30 2025 18:38:09 GMT+0000 (Coordinated Universal Time),Wed Jul 30 2025 18:39:12 GMT+0000 (Coordinated Universal Time),Fri Aug 15 2025 12:44:24 GMT+0000 (Coordinated Universal Time),https://cdn.prod.website-files.com/5fe0d678b18d7e19e32c3389/688a649e308010156c9bd2a6_vita-park-polyana.pdf,Fri Jul 25 2025 00:00:00 GMT+0000 (Coordinated Universal Time),84,https://cdn.prod.website-files.com/5fe0d678b18d7e19e32c3389/688a649e308010156c9bd2a6_vita-park-polyana.pdf,https://cdn.prod.website-files.com/5fe0d92bbc950c2267f450c4/6759b56ad4b2a6b67daacc6b_64d53ee2f21eba751d016538_logo_word.svg
Про встановлення категорії готелю «Воскресенський»,pro-vstanovlennya-kategoriyi-gotelyu-voskresenskiy,66211aa77232900849a027bf,675706675565406651e5748e,false,false,Mon Dec 09 2024 15:01:59 GMT+0000 (Coordinated Universal Time),Wed Dec 11 2024 16:02:51 GMT+0000 (Coordinated Universal Time),Tue Dec 31 2024 12:08:23 GMT+0000 (Coordinated Universal Time),https://cdn.prod.website-files.com/5fe0d678b18d7e19e32c3389/664b199ec4eaed52293017bf_voskresensky.pdf,Fri Jun 14 2024 00:00:00 GMT+0000 (Coordinated Universal Time),47,https://cdn.prod.website-files.com/5fe0d678b18d7e19e32c3389/664b199ec4eaed52293017bf_voskresensky.pdf,https://cdn.prod.website-files.com/5fe0d92bbc950c2267f450c4/6759b56ad4b2a6b67daacc6b_64d53ee2f21eba751d016538_logo_word.svg
"Про встановлення категорії готелю ""VYMIR PARK""",pro-vstanovlennya-kategoriyi-gotelyu-vymir-park,66211aa77232900849a027bf,66267ab32f7ac8ae12e58d78,false,false,Mon Apr 22 2024 14:56:51 GMT+0000 (Coordinated Universal Time),Wed Dec 11 2024 16:13:20 GMT+0000 (Coordinated Universal Time),Tue Dec 31 2024 12:08:23 GMT+0000 (Coordinated Universal Time),https://assets-global.website-files.com/5fe0d678b18d7e19e32c3389/6529434e98babfd4b2fcdcbe_%D0%9D%D0%B0%D0%BA%D0%B0%D0%B7_%E2%84%96_129_%D0%B2%D1%96%D0%B4_10_10_2023_%D0%9F%D1%80%D0%BE_%D0%B2%D1%81%D1%82%D0%B0%D0%BD%D0%BE%D0%B2%D0%BB%D0%B5%D0%BD%D0%BD%D1%8F_%D0%BA%D0%B0%D1%82%D0%B5%D0%B3%D0%BE%D1%80%D1%96%D1%97_%D0%B3%D0%BE%D1%82%D0%B5%D0%BB%D1%8E_VYMIR.pdf,Tue Oct 10 2023 00:00:00 GMT+0000 (Coordinated Universal Time),129,https://assets-global.website-files.com/5fe0d678b18d7e19e32c3389/6529434e98babfd4b2fcdcbe_%D0%9D%D0%B0%D0%BA%D0%B0%D0%B7_%E2%84%96_129_%D0%B2%D1%96%D0%B4_10_10_2023_%D0%9F%D1%80%D0%BE_%D0%B2%D1%81%D1%82%D0%B0%D0%BD%D0%BE%D0%B2%D0%BB%D0%B5%D0%BD%D0%BD%D1%8F_%D0%BA%D0%B0%D1%82%D0%B5%D0%B3%D0%BE%D1%80%D1%96%D1%97_%D0%B3%D0%BE%D1%82%D0%B5%D0%BB%D1%8E_VYMIR.pdf,https://cdn.prod.website-files.com/5fe0d92bbc950c2267f450c4/6759b56ad4b2a6b67daacc6b_64d53ee2f21eba751d016538_logo_word.svg
Про встановлення категорії готелю «Золото Карпат» ,pro-vstanovlennya-kategoriyi-gotelyu-zoloto-karpat,66211aa77232900849a027bf,662689c0d85d4226064094ba,false,false,Mon Apr 22 2024 16:01:04 GMT+0000 (Coordinated Universal Time),Wed Dec 11 2024 16:07:56 GMT+0000 (Coordinated Universal Time),Tue Dec 31 2024 12:08:23 GMT+0000 (Coordinated Universal Time),https://assets-global.website-files.com/5fe0d678b18d7e19e32c3389/65c4eff9f7cf1d45578b7119_zoloto_karpat.pdf,Mon Feb 05 2024 00:00:00 GMT+0000 (Coordinated Universal Time),10,https://assets-global.website-files.com/5fe0d678b18d7e19e32c3389/65c4eff9f7cf1d45578b7119_zoloto_karpat.pdf,https://cdn.prod.website-files.com/5fe0d92bbc950c2267f450c4/6759b56ad4b2a6b67daacc6b_64d53ee2f21eba751d016538_logo_word.svg
Про встановлення категорії Сіті Готелю «7 Днів» («7 Days City Hotel»),pro-vstanovlennya-kategoriyi-siti-gotelyu-7-dniv-7-days,66211aa77232900849a027bf,67b46e1a68093ac2766ad5cb,false,false,Tue Feb 18 2025 11:25:14 GMT+0000 (Coordinated Universal Time),Tue Feb 18 2025 11:25:14 GMT+0000 (Coordinated Universal Time),Tue Feb 18 2025 11:25:14 GMT+0000 (Coordinated Universal Time),https://cdn.prod.website-files.com/5fe0d678b18d7e19e32c3389/67b46db970ec96bfb7781bfe_order-7days.pdf,Tue Feb 18 2025 00:00:00 GMT+0000 (Coordinated Universal Time),19,https://cdn.prod.website-files.com/5fe0d678b18d7e19e32c3389/67b46db970ec96bfb7781bfe_order-7days.pdf,https://cdn.prod.website-files.com/5fe0d92bbc950c2267f450c4/6759b56ad4b2a6b67daacc6b_64d53ee2f21eba751d016538_logo_word.svg
Про втановлення категорії готелю «Аврора» («Aurora Hotel»),pro-vtanovlennya-kategoriyi-gotelyu-avrora-aurora-hotel,66211aa77232900849a027bf,66268b63fb522ed93c92a122,false,false,Mon Apr 22 2024 16:08:02 GMT+0000 (Coordinated Universal Time),Wed Dec 11 2024 16:06:32 GMT+0000 (Coordinated Universal Time),Tue Dec 31 2024 12:08:23 GMT+0000 (Coordinated Universal Time),https://assets-global.website-files.com/5fe0d678b18d7e19e32c3389/65e0ac3ecaabfd25aaa8d994_Aurora_hotel.pdf,Mon Feb 26 2024 00:00:00 GMT+0000 (Coordinated Universal Time),25,https://assets-global.website-files.com/5fe0d678b18d7e19e32c3389/65e0ac3ecaabfd25aaa8d994_Aurora_hotel.pdf,https://cdn.prod.website-files.com/5fe0d92bbc950c2267f450c4/6759b56ad4b2a6b67daacc6b_64d53ee2f21eba751d016538_logo_word.svg
Про втановлення категорії готелю «Гагарін»,pro-vtanovlennya-kategoriyi-gotelyu-gagarin,66211aa77232900849a027bf,66268aa9b4cc7f1d7ac5bfe0,false,false,Mon Apr 22 2024 16:04:56 GMT+0000 (Coordinated Universal Time),Wed Dec 11 2024 16:07:12 GMT+0000 (Coordinated Universal Time),Tue Dec 31 2024 12:08:23 GMT+0000 (Coordinated Universal Time),https://assets-global.website-files.com/5fe0d678b18d7e19e32c3389/65d4c2e1f0f1341f9bd81196_gagarin.pdf,Mon Feb 19 2024 00:00:00 GMT+0000 (Coordinated Universal Time),19,https://assets-global.website-files.com/5fe0d678b18d7e19e32c3389/65d4c2e1f0f1341f9bd81196_gagarin.pdf,https://cdn.prod.website-files.com/5fe0d92bbc950c2267f450c4/6759b56ad4b2a6b67daacc6b_64d53ee2f21eba751d016538_logo_word.svg
Про втановлення категорії готелю «Podol Plaza»,pro-vtanovlennya-kategoriyi-gotelyu-podol-plaza,66211aa77232900849a027bf,66268afd42082482a88d91c4,false,false,Mon Apr 22 2024 16:06:21 GMT+0000 (Coordinated Universal Time),Wed Dec 11 2024 16:06:57 GMT+0000 (Coordinated Universal Time),Tue Dec 31 2024 12:08:23 GMT+0000 (Coordinated Universal Time),https://assets-global.website-files.com/5fe0d678b18d7e19e32c3389/65d4c2e066175e4e43b48b2d_podol_plaza.pdf,Mon Feb 19 2024 00:00:00 GMT+0000 (Coordinated Universal Time),20,https://assets-global.website-files.com/5fe0d678b18d7e19e32c3389/65d4c2e066175e4e43b48b2d_podol_plaza.pdf,https://cdn.prod.website-files.com/5fe0d92bbc950c2267f450c4/6759b56ad4b2a6b67daacc6b_64d53ee2f21eba751d016538_logo_word.svg
Про втсановлення категорії готелю «Оптіма Колекція Бергшлосс Рівне» ,pro-vtsanovlennya-kategoriyi-gotelyu-optima-kolekciya-bergshloss-rivne,66211aa77232900849a027bf,66268027a81b9bca52200dbf,false,false,Mon Apr 22 2024 15:20:07 GMT+0000 (Coordinated Universal Time),Wed Dec 11 2024 16:09:47 GMT+0000 (Coordinated Universal Time),Tue Dec 31 2024 12:08:23 GMT+0000 (Coordinated Universal Time),https://assets-global.website-files.com/5fe0d678b18d7e19e32c3389/658542692f853e3999c5ba6f_optima-bergschloss_rivne.pdf,Tue Dec 19 2023 00:00:00 GMT+0000 (Coordinated Universal Time),156,https://assets-global.website-files.com/5fe0d678b18d7e19e32c3389/658542692f853e3999c5ba6f_optima-bergschloss_rivne.pdf,https://cdn.prod.website-files.com/5fe0d92bbc950c2267f450c4/6759b56ad4b2a6b67daacc6b_64d53ee2f21eba751d016538_logo_word.svg
Про залишення без розгляду заяви на отримання ліцензії ТОВ «ДУНАЙ ТРЕВЕЛ»,pro-zalishennya-bez-rozglyadu-zayavi-na-otrimannya-licenziyi-tov-dunay-trevel,66211aa77232900849a027bf,662184851c12011991fbc2c3,false,false,Thu Apr 18 2024 20:37:25 GMT+0000 (Coordinated Universal Time),Wed Dec 11 2024 16:22:25 GMT+0000 (Coordinated Universal Time),Tue Dec 31 2024 12:08:23 GMT+0000 (Coordinated Universal Time),https://cdn.prod.website-files.com/5fe0d678b18d7e19e32c3389/6756da164916501c1248125f_order40-2023.pdf,Thu Apr 06 2023 00:00:00 GMT+0000 (Coordinated Universal Time),40,https://cdn.prod.website-files.com/5fe0d678b18d7e19e32c3389/6756da164916501c1248125f_order40-2023.pdf,https://cdn.prod.website-files.com/5fe0d92bbc950c2267f450c4/6759b56ad4b2a6b67daacc6b_64d53ee2f21eba751d016538_logo_word.svg
"Про залишення без розгляду заяви про отримання ліцензії  ПП ""ПІЛОТ""",pro-zalishennya-bez-rozglyadu-zayavi-pro-otrimannya-licenziyi-pp-pilot,66211aa77232900849a027bf,662185e6aeb38558f07a5b1c,false,false,Thu Apr 18 2024 20:43:18 GMT+0000 (Coordinated Universal Time),Wed Dec 11 2024 16:22:04 GMT+0000 (Coordinated Universal Time),Tue Dec 31 2024 12:08:23 GMT+0000 (Coordinated Universal Time),https://cdn.prod.website-files.com/5fe0d678b18d7e19e32c3389/6756da16c724e45a24ee12f6_order34-2023.pdf,Tue Mar 28 2023 00:00:00 GMT+0000 (Coordinated Universal Time),34,https://cdn.prod.website-files.com/5fe0d678b18d7e19e32c3389/6756da16c724e45a24ee12f6_order34-2023.pdf,https://cdn.prod.website-files.com/5fe0d92bbc950c2267f450c4/6759b56ad4b2a6b67daacc6b_64d53ee2f21eba751d016538_logo_word.svg
Про залишення без розгляду заяви про отримання ліцензії ТОВ «АПЛ ТРЕВЕЛ»,pro-zalishennya-bez-rozglyadu-zayavi-pro-otrimannya-licenziyi-tov-apl-trevel,66211aa77232900849a027bf,66268cbbfc78d50f8bcca111,false,false,Mon Apr 22 2024 16:13:47 GMT+0000 (Coordinated Universal Time),Wed Dec 11 2024 16:05:12 GMT+0000 (Coordinated Universal Time),Tue Dec 31 2024 12:08:23 GMT+0000 (Coordinated Universal Time),https://assets-global.website-files.com/5fe0d678b18d7e19e32c3389/661929c86e2fd3d48d1b1701_apl-travel.pdf,Tue Apr 09 2024 00:00:00 GMT+0000 (Coordinated Universal Time),33,https://assets-global.website-files.com/5fe0d678b18d7e19e32c3389/661929c86e2fd3d48d1b1701_apl-travel.pdf,https://cdn.prod.website-files.com/5fe0d92bbc950c2267f450c4/6759b56ad4b2a6b67daacc6b_64d53ee2f21eba751d016538_logo_word.svg
Про залишення без розгляду заяви про отримання ліцензії ТОВ «ФЛАЙТ СТОР»,pro-zalishennya-bez-rozglyadu-zayavi-pro-otrimannya-licenziyi-tov-flayt-stor,66211aa77232900849a027bf,675707f6746c3b8f51e22575,false,false,Mon Dec 09 2024 15:08:38 GMT+0000 (Coordinated Universal Time),Wed Dec 11 2024 16:01:24 GMT+0000 (Coordinated Universal Time),Tue Dec 31 2024 12:08:23 GMT+0000 (Coordinated Universal Time),https://cdn.prod.website-files.com/5fe0d678b18d7e19e32c3389/666801196b3a3840a15ca1f5_vidmova-flight-store.pdf,Tue Jun 11 2024 00:00:00 GMT+0000 (Coordinated Universal Time),57,https://cdn.prod.website-files.com/5fe0d678b18d7e19e32c3389/666801196b3a3840a15ca1f5_vidmova-flight-store.pdf,https://cdn.prod.website-files.com/5fe0d92bbc950c2267f450c4/6759b56ad4b2a6b67daacc6b_64d53ee2f21eba751d016538_logo_word.svg
Про залишення без розгляду заяви про отримання ліцензії ТОВ «КУЛЬБАБКА ТРЕВЕЛ»,pro-zalishennya-bez-rozglyadu-zayavi-pro-otrimannya-licenziyi-tov-kulbabka-trevel,66211aa77232900849a027bf,67570dbdcb70a6f6dc10b132,false,false,Mon Dec 09 2024 15:33:17 GMT+0000 (Coordinated Universal Time),Wed Dec 11 2024 15:56:18 GMT+0000 (Coordinated Universal Time),Tue Dec 31 2024 12:08:23 GMT+0000 (Coordinated Universal Time),https://cdn.prod.website-files.com/5fe0d678b18d7e19e32c3389/67191c1dcdfb4b348383265b_order104.pdf,Mon Oct 21 2024 00:00:00 GMT+0000 (Coordinated Universal Time),104,https://cdn.prod.website-files.com/5fe0d678b18d7e19e32c3389/67191c1dcdfb4b348383265b_order104.pdf,https://cdn.prod.website-files.com/5fe0d92bbc950c2267f450c4/6759b56ad4b2a6b67daacc6b_64d53ee2f21eba751d016538_logo_word.svg
"Про залишення без розгляду заяви про отримання ліцензії ТОВ ""СТАДІ ТРЕВЕЛ""",pro-zalishennya-bez-rozglyadu-zayavi-pro-otrimannya-licenziyi-tov-stadi-trevel,66211aa77232900849a027bf,66267c48c230988e2b3730bd,false,false,Mon Apr 22 2024 15:03:36 GMT+0000 (Coordinated Universal Time),Wed Dec 11 2024 16:11:54 GMT+0000 (Coordinated Universal Time),Tue Dec 31 2024 12:08:23 GMT+0000 (Coordinated Universal Time),https://assets-global.website-files.com/5fe0d678b18d7e19e32c3389/653fd2ca6d294c94f0669566_%D1%81%D1%82%D0%B0%D0%B4%D1%96-%D1%82%D1%80%D0%B5%D0%B2%D0%B5%D0%BB.pdf,Wed Oct 25 2023 00:00:00 GMT+0000 (Coordinated Universal Time),139,https://assets-global.website-files.com/5fe0d678b18d7e19e32c3389/653fd2ca6d294c94f0669566_%D1%81%D1%82%D0%B0%D0%B4%D1%96-%D1%82%D1%80%D0%B5%D0%B2%D0%B5%D0%BB.pdf,https://cdn.prod.website-files.com/5fe0d92bbc950c2267f450c4/6759b56ad4b2a6b67daacc6b_64d53ee2f21eba751d016538_logo_word.svg
Про залишення без розгляду заяви про отримання ліцензії ТОВ ТРАНСПОРТАЛ,pro-zalishennya-bez-rozglyadu-zayavi-pro-otrimannya-licenziyi-tov-transportal,66211aa77232900849a027bf,6621842ef40354ccc8e2dd40,false,false,Thu Apr 18 2024 20:35:58 GMT+0000 (Coordinated Universal Time),Wed Dec 11 2024 16:22:44 GMT+0000 (Coordinated Universal Time),Tue Dec 31 2024 12:08:23 GMT+0000 (Coordinated Universal Time),https://cdn.prod.website-files.com/5fe0d678b18d7e19e32c3389/6756da25cf4b3f2f3e6f51bb_order33-2023.pdf,Thu Mar 23 2023 00:00:00 GMT+0000 (Coordinated Universal Time),33,https://cdn.prod.website-files.com/5fe0d678b18d7e19e32c3389/6756da25cf4b3f2f3e6f51bb_order33-2023.pdf,https://cdn.prod.website-files.com/5fe0d92bbc950c2267f450c4/6759b56ad4b2a6b67daacc6b_64d53ee2f21eba751d016538_logo_word.svg
Про залишення без розгляду заяви про отримання ліцензії ТОВ «ТРАЙДЕНТ ХІТ»,pro-zalishennya-bez-rozglyadu-zayavi-pro-otrimannya-licenziyi-tov-traydent-hit,66211aa77232900849a027bf,66268c9360a7bbed8dd9b41a,false,false,Mon Apr 22 2024 16:13:07 GMT+0000 (Coordinated Universal Time),Wed Dec 11 2024 16:05:22 GMT+0000 (Coordinated Universal Time),Tue Dec 31 2024 12:08:23 GMT+0000 (Coordinated Universal Time),https://assets-global.website-files.com/5fe0d678b18d7e19e32c3389/660ac9b21cbca532e005a7bc_trident_xit.pdf,Mon Apr 01 2024 00:00:00 GMT+0000 (Coordinated Universal Time),32,https://assets-global.website-files.com/5fe0d678b18d7e19e32c3389/660ac9b21cbca532e005a7bc_trident_xit.pdf,https://cdn.prod.website-files.com/5fe0d92bbc950c2267f450c4/6759b56ad4b2a6b67daacc6b_64d53ee2f21eba751d016538_logo_word.svg
Про затвердження Антикорупційної програми Державного агентства розвитку туризму України,pro-zatverdzhennya-antikorupciynoyi-programi-derzhavnogo-agentstva-rozvitku-turizmu-ukrayini,66211aa77232900849a027bf,67efbfc831810797c636aab8,false,false,Fri Apr 04 2025 11:17:28 GMT+0000 (Coordinated Universal Time),Fri Apr 04 2025 11:17:28 GMT+0000 (Coordinated Universal Time),Fri Apr 04 2025 11:17:28 GMT+0000 (Coordinated Universal Time),https://cdn.prod.website-files.com/5fe0d678b18d7e19e32c3389/67efbf13e39cd7f38aa10b97_antikor-programm-2025.pdf,Thu Mar 27 2025 00:00:00 GMT+0000 (Coordinated Universal Time),33,https://cdn.prod.website-files.com/5fe0d678b18d7e19e32c3389/67efbf13e39cd7f38aa10b97_antikor-programm-2025.pdf,https://cdn.prod.website-files.com/5fe0d92bbc950c2267f450c4/6759b56ad4b2a6b67daacc6b_64d53ee2f21eba751d016538_logo_word.svg
"Про затвердження Інструкції про порядок ведення обліку, зберігання, використання і знищення документів та інших матеріальних носіїв інформації, що містять службову інформацію, в Державному агентстві розвитку туризму України",pro-zatverdzhennya-instrukciyi-pro-poryadok-vedennya-obliku-zberigannya-vikoristannya-i-znishchennya-dokumentiv-ta-inshih-materialnih-nosiyiv-informaciyi-shcho-mistyat-sluzhbovu-informaciyu-v-derzhavnomu-agentstvi-rozvitku-turizmu-ukrayini,66211aa77232900849a027bf,6757096287b05684856dccf4,false,false,Mon Dec 09 2024 15:14:42 GMT+0000 (Coordinated Universal Time),Wed Dec 11 2024 15:59:57 GMT+0000 (Coordinated Universal Time),Tue Dec 31 2024 12:08:23 GMT+0000 (Coordinated Universal Time),https://cdn.prod.website-files.com/5fe0d678b18d7e19e32c3389/6690fec5b5c786bbb2ffbdb1_dsk-2.pdf,Wed Jul 10 2024 00:00:00 GMT+0000 (Coordinated Universal Time),67,https://cdn.prod.website-files.com/5fe0d678b18d7e19e32c3389/6690fec5b5c786bbb2ffbdb1_dsk-2.pdf,https://cdn.prod.website-files.com/5fe0d92bbc950c2267f450c4/6759b56ad4b2a6b67daacc6b_64d53ee2f21eba751d016538_logo_word.svg
"Про затвердження Методології систематичного виявлення та проведення аналізу корупційних правопорушень та правопорушень, пов’язаних з корупцією, інших порушень Закону України «Про запобігання корупції» в Державному агентстві розвитку туризму України",pro-zatverdzhennya-metodologiyi-sistematichnogo-viyavlennya-ta-provedennya-analizu-korupciynih-pravoporushen-ta-pravoporushen-povyazanih-z-korupciieyu-inshih-porushen-zakonu-ukrayini-pro-zapobigannya-korupciyi-v-derzhavnomu-agentstvi-rozvitku-turizmu,66211aa77232900849a027bf,67570d87ca322458d687518a,false,false,Mon Dec 09 2024 15:32:23 GMT+0000 (Coordinated Universal Time),Wed Dec 11 2024 15:56:29 GMT+0000 (Coordinated Universal Time),Tue Dec 31 2024 12:08:23 GMT+0000 (Coordinated Universal Time),https://cdn.prod.website-files.com/5fe0d678b18d7e19e32c3389/67191c1ec7677bc1c24a53d4_order103.pdf,Thu Oct 10 2024 00:00:00 GMT+0000 (Coordinated Universal Time),103,https://cdn.prod.website-files.com/5fe0d678b18d7e19e32c3389/67191c1ec7677bc1c24a53d4_order103.pdf,https://cdn.prod.website-files.com/5fe0d92bbc950c2267f450c4/6759b56ad4b2a6b67daacc6b_64d53ee2f21eba751d016538_logo_word.svg
Про затвердження орієнтовного плану консультацій з громадськістю на 2022 рік,pro-zatverdzhennya-oriientovnogo-planu-konsultaciy-z-gromadskistyu-na-2022-rik,66211aa77232900849a027bf,66212a6ea49caf301a3c0765,false,false,Thu Apr 18 2024 14:13:02 GMT+0000 (Coordinated Universal Time),Wed Dec 11 2024 16:26:06 GMT+0000 (Coordinated Universal Time),Tue Dec 31 2024 12:08:23 GMT+0000 (Coordinated Universal Time),https://cdn.prod.website-files.com/5fe0d678b18d7e19e32c3389/674f2ca67dc3432ece8e8b66_plane-of-consultation.pdf,Fri Dec 31 2021 00:00:00 GMT+0000 (Coordinated Universal Time),310,https://cdn.prod.website-files.com/5fe0d678b18d7e19e32c3389/674f2ca67dc3432ece8e8b66_plane-of-consultation.pdf,https://cdn.prod.website-files.com/5fe0d92bbc950c2267f450c4/6759b56ad4b2a6b67daacc6b_64d53ee2f21eba751d016538_logo_word.svg
Про затвердження Орієнтовного плану проведення консультацій з громадськістю на 2023 рік,pro-zatverdzhennya-oriientovnogo-planu-provedennya-konsultaciy-z-gromadskistyu-na-2023-rik,66211aa77232900849a027bf,66212adba22e6f01141e6523,false,false,Thu Apr 18 2024 14:14:51 GMT+0000 (Coordinated Universal Time),Wed Dec 11 2024 16:25:54 GMT+0000 (Coordinated Universal Time),Tue Dec 31 2024 12:08:23 GMT+0000 (Coordinated Universal Time),https://cdn.prod.website-files.com/5fe0d678b18d7e19e32c3389/674f23369d77863089e6e7ea_%D0%BD%D0%B0%D0%BA%D0%B0%D0%B7%2078_2022.pdf,Fri Dec 09 2022 00:00:00 GMT+0000 (Coordinated Universal Time),78,https://cdn.prod.website-files.com/5fe0d678b18d7e19e32c3389/674f23369d77863089e6e7ea_%D0%BD%D0%B0%D0%BA%D0%B0%D0%B7%2078_2022.pdf,https://cdn.prod.website-files.com/5fe0d92bbc950c2267f450c4/6759b56ad4b2a6b67daacc6b_64d53ee2f21eba751d016538_logo_word.svg
Про затвердження Орієнтовного плану проведення консультацій з громадськістю на 2025 рік,pro-zatverdzhennya-oriientovnogo-planu-provedennya-konsultaciy-z-gromadskistyu-na-2025-rik,66211aa77232900849a027bf,67851c455a657fd3aa8935c4,false,false,Mon Jan 13 2025 13:59:33 GMT+0000 (Coordinated Universal Time),Mon Jan 13 2025 14:01:12 GMT+0000 (Coordinated Universal Time),Mon Jan 13 2025 14:01:24 GMT+0000 (Coordinated Universal Time),https://cdn.prod.website-files.com/5fe0d678b18d7e19e32c3389/67851c6c5bdf915eb05ab122_order2-2025.pdf,Thu Jan 09 2025 00:00:00 GMT+0000 (Coordinated Universal Time),2,https://cdn.prod.website-files.com/5fe0d678b18d7e19e32c3389/67851c6c5bdf915eb05ab122_order2-2025.pdf,https://cdn.prod.website-files.com/5fe0d92bbc950c2267f450c4/6759b56ad4b2a6b67daacc6b_64d53ee2f21eba751d016538_logo_word.svg
Про затвердження пам’яток для працівників Державного агентства розвитку туризму України,pro-zatverdzhennya-pamyatok-dlya-pracivnikiv-derzhavnogo-agentstva-rozvitku-turizmu-ukrayini,66211aa77232900849a027bf,66267b2e29b8f7c128f4d605,false,false,Mon Apr 22 2024 14:58:54 GMT+0000 (Coordinated Universal Time),Wed Dec 11 2024 16:12:57 GMT+0000 (Coordinated Universal Time),Tue Dec 31 2024 12:08:23 GMT+0000 (Coordinated Universal Time),https://assets-global.website-files.com/5fe0d678b18d7e19e32c3389/65294bcad354160e500a849e_%D0%BD%D0%B0%D0%BA%D0%B0%D0%B7-131.pdf,Tue Oct 10 2023 00:00:00 GMT+0000 (Coordinated Universal Time),131,https://assets-global.website-files.com/5fe0d678b18d7e19e32c3389/65294bcad354160e500a849e_%D0%BD%D0%B0%D0%BA%D0%B0%D0%B7-131.pdf,https://cdn.prod.website-files.com/5fe0d92bbc950c2267f450c4/6759b56ad4b2a6b67daacc6b_64d53ee2f21eba751d016538_logo_word.svg
Про затвердження Плану діяльності ДАРТ з підготовки проєктів регуляторних актів на 2025 рік,pro-zatverdzhennya-planu-diyalnosti-dart-z-pidgotovki-proiektiv-regulyatornih-aktiv-na-2025-rik,66211aa77232900849a027bf,6757117c6a050fe9978c7458,false,false,Mon Dec 09 2024 15:49:16 GMT+0000 (Coordinated Universal Time),Wed Dec 11 2024 15:53:21 GMT+0000 (Coordinated Universal Time),Tue Dec 31 2024 12:08:23 GMT+0000 (Coordinated Universal Time),https://cdn.prod.website-files.com/5fe0d678b18d7e19e32c3389/674f0117ef15b452e21def1e_order123-plan.pdf,Mon Dec 02 2024 00:00:00 GMT+0000 (Coordinated Universal Time),123,https://cdn.prod.website-files.com/5fe0d678b18d7e19e32c3389/674f0117ef15b452e21def1e_order123-plan.pdf,https://cdn.prod.website-files.com/5fe0d92bbc950c2267f450c4/6759b56ad4b2a6b67daacc6b_64d53ee2f21eba751d016538_logo_word.svg
Про затвердження Плану діяльності Державного агентства розвитку туризму України з підготовки проектів регуляторних актів на 2021 рік,pro-zatverdzhennya-planu-diyalnosti-derzhavnogo-agentstva-rozvitku-turizmu-ukrayini-z-pidgotovki-proektiv-regulyatornih-aktiv-na-2021-rik,66211aa77232900849a027bf,662129d63de9873b02867ccf,false,false,Thu Apr 18 2024 14:10:29 GMT+0000 (Coordinated Universal Time),Wed Dec 11 2024 16:26:18 GMT+0000 (Coordinated Universal Time),Tue Dec 31 2024 12:08:23 GMT+0000 (Coordinated Universal Time),https://cdn.prod.website-files.com/5fe0d678b18d7e19e32c3389/66212dc394be34c58e4c1c2d_%D0%BD%D0%B0%D0%BA%D0%B0%D0%B7%20%D0%94%D0%90%D0%A0%D0%A2%20%D1%80%D0%B5%D0%B3%D1%83%D0%BB%D1%8F%D1%82%D0%BE%D1%80%D0%BD%D1%96%20%D0%B0%D0%BA%D1%82%D0%B8.pdf,Sat Jul 10 2021 00:00:00 GMT+0000 (Coordinated Universal Time),71,https://cdn.prod.website-files.com/5fe0d678b18d7e19e32c3389/66212dc394be34c58e4c1c2d_%D0%BD%D0%B0%D0%BA%D0%B0%D0%B7%20%D0%94%D0%90%D0%A0%D0%A2%20%D1%80%D0%B5%D0%B3%D1%83%D0%BB%D1%8F%D1%82%D0%BE%D1%80%D0%BD%D1%96%20%D0%B0%D0%BA%D1%82%D0%B8.pdf,https://cdn.prod.website-files.com/5fe0d92bbc950c2267f450c4/6759b56ad4b2a6b67daacc6b_64d53ee2f21eba751d016538_logo_word.svg
Про затвердження Плану діяльності Державного агентства розвитку туризму України  з підготовки проектів регуляторних актів на 2022 рік,pro-zatverdzhennya-planu-diyalnosti-derzhavnogo-agentstva-rozvitku-turizmu-ukrayini-z-pidgotovki-proektiv-regulyatornih-aktiv-na-2022-rik,66211aa77232900849a027bf,662136a0dd5bca8758ff6a68,false,false,Thu Apr 18 2024 15:05:04 GMT+0000 (Coordinated Universal Time),Wed Dec 11 2024 16:25:18 GMT+0000 (Coordinated Universal Time),Tue Dec 31 2024 12:08:23 GMT+0000 (Coordinated Universal Time),https://cdn.prod.website-files.com/5fe0d678b18d7e19e32c3389/674f2a4fa25f456ef25f5eb5_plane-of-working2022.pdf,Mon Jan 24 2022 00:00:00 GMT+0000 (Coordinated Universal Time),11,https://cdn.prod.website-files.com/5fe0d678b18d7e19e32c3389/674f2a4fa25f456ef25f5eb5_plane-of-working2022.pdf,https://cdn.prod.website-files.com/5fe0d92bbc950c2267f450c4/6759b56ad4b2a6b67daacc6b_64d53ee2f21eba751d016538_logo_word.svg
Про затвердження Плану діяльності Державного агентства розвитку туризму України з підготовки проектів регуляторних актів на 2024 рік,pro-zatverdzhennya-planu-diyalnosti-derzhavnogo-agentstva-rozvitku-turizmu-ukrayini-z-pidgotovki-proektiv-regulyatornih-aktiv-na-2024-rik,66211aa77232900849a027bf,66267f3f9eab61ba2097973d,false,false,Mon Apr 22 2024 15:16:15 GMT+0000 (Coordinated Universal Time),Wed Dec 11 2024 16:10:30 GMT+0000 (Coordinated Universal Time),Tue Dec 31 2024 12:08:23 GMT+0000 (Coordinated Universal Time),https://assets-global.website-files.com/5fe0d678b18d7e19e32c3389/656f58b9bad50d4032e03894_%D0%BF%D0%BB%D0%B0%D0%BD2024_%D0%9F%D0%BB%D0%B0%D0%BD_merged.pdf,Fri Dec 01 2023 00:00:00 GMT+0000 (Coordinated Universal Time),150,https://assets-global.website-files.com/5fe0d678b18d7e19e32c3389/656f58b9bad50d4032e03894_%D0%BF%D0%BB%D0%B0%D0%BD2024_%D0%9F%D0%BB%D0%B0%D0%BD_merged.pdf,https://cdn.prod.website-files.com/5fe0d92bbc950c2267f450c4/6759b56ad4b2a6b67daacc6b_64d53ee2f21eba751d016538_logo_word.svg
Про затвердження Плану перевірок додержання ліцензіатами Ліцензійних умов провадження туроператорської діяльності на 2022 рік,pro-zatverdzhennya-planu-perevirok-doderzhannya-licenziatami-licenziynih-umov-provadzhennya-turoperatorskoyi-diyalnosti-na-2022-rik,66211aa77232900849a027bf,66213569c96961f15cb2e134,false,false,Thu Apr 18 2024 14:59:53 GMT+0000 (Coordinated Universal Time),Wed Dec 11 2024 16:25:28 GMT+0000 (Coordinated Universal Time),Tue Dec 31 2024 12:08:23 GMT+0000 (Coordinated Universal Time),https://cdn.prod.website-files.com/5fe0d678b18d7e19e32c3389/674f29bf8df01826aec048ab_plane%20of%20checking2021.pdf,Wed Dec 08 2021 00:00:00 GMT+0000 (Coordinated Universal Time),283,https://cdn.prod.website-files.com/5fe0d678b18d7e19e32c3389/674f29bf8df01826aec048ab_plane%20of%20checking2021.pdf,https://cdn.prod.website-files.com/5fe0d92bbc950c2267f450c4/6759b56ad4b2a6b67daacc6b_64d53ee2f21eba751d016538_logo_word.svg
Про затвердження Плану здійснення комплексних заходів державного нагляду (контролю) на 2024 рік,pro-zatverdzhennya-planu-zdiysnennya-kompleksnih-zahodiv-derzhavnogo-naglyadu-kontrolyu-na-2024-rik,66211aa77232900849a027bf,662679b0fd10db8fd5a65079,false,false,Mon Apr 22 2024 14:52:32 GMT+0000 (Coordinated Universal Time),Wed Dec 11 2024 16:14:02 GMT+0000 (Coordinated Universal Time),Tue Dec 31 2024 12:08:23 GMT+0000 (Coordinated Universal Time),https://assets-global.website-files.com/5fe0d678b18d7e19e32c3389/65256ec275c05ff26c4c95ab_%D0%BF%D0%BB%D0%B0%D0%BD%D0%BE%D0%B2%D1%962024.pdf,Mon Oct 09 2023 00:00:00 GMT+0000 (Coordinated Universal Time),124,https://assets-global.website-files.com/5fe0d678b18d7e19e32c3389/65256ec275c05ff26c4c95ab_%D0%BF%D0%BB%D0%B0%D0%BD%D0%BE%D0%B2%D1%962024.pdf,https://cdn.prod.website-files.com/5fe0d92bbc950c2267f450c4/6759b56ad4b2a6b67daacc6b_64d53ee2f21eba751d016538_logo_word.svg
Про затвердження Плану здійснення планових заходів державного нагляду (контролю) на 2025 рік,pro-zatverdzhennya-planu-zdiysnennya-planovih-zahodiv-derzhavnogo-naglyadu-kontrolyu-na-2025-rik,66211aa77232900849a027bf,67570d38ca322458d687036a,false,false,Mon Dec 09 2024 15:31:04 GMT+0000 (Coordinated Universal Time),Wed Dec 11 2024 15:56:41 GMT+0000 (Coordinated Universal Time),Tue Dec 31 2024 12:08:23 GMT+0000 (Coordinated Universal Time),https://cdn.prod.website-files.com/5fe0d678b18d7e19e32c3389/670e30a5632cef9730aa5cd9_order101.pdf,Thu Oct 10 2024 00:00:00 GMT+0000 (Coordinated Universal Time),101,https://cdn.prod.website-files.com/5fe0d678b18d7e19e32c3389/670e30a5632cef9730aa5cd9_order101.pdf,https://cdn.prod.website-files.com/5fe0d92bbc950c2267f450c4/6759b56ad4b2a6b67daacc6b_64d53ee2f21eba751d016538_logo_word.svg
 Про затвердження Плану здійснення  планових заходів державного  нагляду (контролю) на 2026 рік,pro-zatverdzhennya-planu-zdiysnennya-planovih-zahodiv-derzhavnogo-naglyadu-kontrolyu-na-2026-rik,66211aa77232900849a027bf,68ecb3d3499c8a9b93a87081,false,false,Mon Oct 13 2025 08:09:55 GMT+0000 (Coordinated Universal Time),Mon Oct 13 2025 08:10:56 GMT+0000 (Coordinated Universal Time),Wed Oct 22 2025 14:32:23 GMT+0000 (Coordinated Universal Time),https://cdn.prod.website-files.com/5fe0d678b18d7e19e32c3389/68ecb3e26469a8de277dcce5_plan-gov-control.pdf,Fri Oct 10 2025 00:00:00 GMT+0000 (Coordinated Universal Time),110,https://cdn.prod.website-files.com/5fe0d678b18d7e19e32c3389/68ecb3e26469a8de277dcce5_plan-gov-control.pdf,https://cdn.prod.website-files.com/5fe0d92bbc950c2267f450c4/6759b56ad4b2a6b67daacc6b_64d53ee2f21eba751d016538_logo_word.svg
"Про затвердження Положення про Комісію з визначення підприємств, установ і організацій, які мають важливе значення для національної економіки у галузі туризму в особливий період",pro-zatverdzhennya-polozhennya-pro-komisiyu-z-viznachennya-pidpriiemstv-ustanov-i-organizaciy-yaki-mayut-vazhlive-znachennya-dlya-nacionalnoyi-ekonomiki-u-galuzi-turizmu-v-osobliviy-period,66211aa77232900849a027bf,67f399f5964062f81728bccb,false,false,Mon Apr 07 2025 09:25:09 GMT+0000 (Coordinated Universal Time),Mon Apr 07 2025 09:25:59 GMT+0000 (Coordinated Universal Time),Thu Apr 10 2025 07:55:48 GMT+0000 (Coordinated Universal Time),https://cdn.prod.website-files.com/5fe0d678b18d7e19e32c3389/67f399944ecca7dc1cc5baf9_order35.pdf,Wed Apr 02 2025 00:00:00 GMT+0000 (Coordinated Universal Time),35,https://cdn.prod.website-files.com/5fe0d678b18d7e19e32c3389/67f399944ecca7dc1cc5baf9_order35.pdf,https://cdn.prod.website-files.com/5fe0d92bbc950c2267f450c4/6759b56ad4b2a6b67daacc6b_64d53ee2f21eba751d016538_logo_word.svg
Про затвердження Порядку роботи зі скаргами державних службовців  Державного агентства розвитку туризму України щодо можливого  порушення наданих їм Законом України «Про державну службу» прав або виникнення перешкод у реалізації права  на державну службу,pro-zatverdzhennya-poryadku-roboti-zi-skargami-derzhavnih-sluzhbovciv-derzhavnogo-agentstva-rozvitku-turizmu-ukrayini-shchodo-mozhlivogo-porushennya-nadanih-yim-zakonom-ukrayini-pro-derzhavnu-sluzhbu,66211aa77232900849a027bf,6972297271528b086db0496d,false,false,Thu Jan 22 2026 13:43:14 GMT+0000 (Coordinated Universal Time),Thu Jan 22 2026 13:43:21 GMT+0000 (Coordinated Universal Time),Tue Jan 27 2026 14:13:30 GMT+0000 (Coordinated Universal Time),https://cdn.prod.website-files.com/5fe0d678b18d7e19e32c3389/6972288e39c469690f1ef524_order-working-with-complaint.pdf,Wed Jan 21 2026 00:00:00 GMT+0000 (Coordinated Universal Time),7,https://cdn.prod.website-files.com/5fe0d678b18d7e19e32c3389/6972288e39c469690f1ef524_order-working-with-complaint.pdf,https://cdn.prod.website-files.com/5fe0d92bbc950c2267f450c4/6759b56ad4b2a6b67daacc6b_64d53ee2f21eba751d016538_logo_word.svg
"Про затвердження складу Комісії із  встановлення категорій готелям та  іншим об’єктам, що призначаються  для надання послуг з тимчасового  розміщення (проживання)",pro-zatverdzhennya-skladu-komisiyi-iz-vstanovlennya-kategoriy-gotelyam-ta-inshim-obiektam-shcho-priznachayutsya-dlya-nadannya-poslug-z-timchasovogo-rozmishchennya-prozhivannya,66211aa77232900849a027bf,686e12297059163ecb7189a3,false,false,Wed Jul 09 2025 06:54:33 GMT+0000 (Coordinated Universal Time),Wed Jul 09 2025 06:56:18 GMT+0000 (Coordinated Universal Time),Wed Jul 30 2025 18:03:45 GMT+0000 (Coordinated Universal Time),https://cdn.prod.website-files.com/5fe0d678b18d7e19e32c3389/686e0fba56479b15e891c3df_order-ctegory.pdf,Fri Jul 04 2025 00:00:00 GMT+0000 (Coordinated Universal Time),74,https://cdn.prod.website-files.com/5fe0d678b18d7e19e32c3389/686e0fba56479b15e891c3df_order-ctegory.pdf,https://cdn.prod.website-files.com/5fe0d92bbc950c2267f450c4/6759b56ad4b2a6b67daacc6b_64d53ee2f21eba751d016538_logo_word.svg
Про затвердження складу  Комісії з апеляцій,pro-zatverdzhennya-skladu-komisiyi-z-apelyaciy,66211aa77232900849a027bf,68ecb33dddadf85c6852dfcd,false,false,Mon Oct 13 2025 08:07:25 GMT+0000 (Coordinated Universal Time),Mon Oct 13 2025 08:08:13 GMT+0000 (Coordinated Universal Time),Wed Oct 22 2025 14:32:23 GMT+0000 (Coordinated Universal Time),https://cdn.prod.website-files.com/5fe0d678b18d7e19e32c3389/68ecb34ce440b8cbb8ed4c90_commission-participants.pdf,Tue Oct 07 2025 00:00:00 GMT+0000 (Coordinated Universal Time),105,https://cdn.prod.website-files.com/5fe0d678b18d7e19e32c3389/68ecb34ce440b8cbb8ed4c90_commission-participants.pdf,https://cdn.prod.website-files.com/5fe0d92bbc950c2267f450c4/6759b56ad4b2a6b67daacc6b_64d53ee2f21eba751d016538_logo_word.svg
Про затвердження складу робочої групи з напрацювання пропозицій ізстворення набору геопросторових даних Державного кадастру природнихтериторії курортів України при ДАРТ на громадських засадах,pro-zatverdzhennya-skladu-robochoyi-grupi-z-napracyuvannya-propoziciy-izstvorennya-naboru-geoprostorovih-danih-derzhavnogo-kadastru-prirodnihteritoriyi-kurortiv-ukrayini-pri-dart-na-gromadskih-zasadah,66211aa77232900849a027bf,66219168dc297ab4957af6bb,false,false,Thu Apr 18 2024 21:32:24 GMT+0000 (Coordinated Universal Time),Wed Dec 11 2024 16:17:33 GMT+0000 (Coordinated Universal Time),Tue Dec 31 2024 12:08:23 GMT+0000 (Coordinated Universal Time),https://assets-global.website-files.com/5fe0d678b18d7e19e32c3389/64ddf8f95f5bee297b0fb232_geospace_group.pdf,Tue Aug 15 2023 00:00:00 GMT+0000 (Coordinated Universal Time),6,https://assets-global.website-files.com/5fe0d678b18d7e19e32c3389/64ddf8f95f5bee297b0fb232_geospace_group.pdf,https://cdn.prod.website-files.com/5fe0d92bbc950c2267f450c4/6759b56ad4b2a6b67daacc6b_64d53ee2f21eba751d016538_logo_word.svg
"Про зупинення дії ліцензії, виданої ДП «Разом-Тур»",pro-zupinennya-diyi-licenziyi-vidanoyi-dp-razom-tur,66211aa77232900849a027bf,67570a65b661afb33210213e,false,false,Mon Dec 09 2024 15:19:01 GMT+0000 (Coordinated Universal Time),Wed Dec 11 2024 15:58:53 GMT+0000 (Coordinated Universal Time),Tue Dec 31 2024 12:08:23 GMT+0000 (Coordinated Universal Time),https://cdn.prod.website-files.com/5fe0d678b18d7e19e32c3389/66bb60e4324e5959ddf0c6e9_razom_tour.pdf,Mon Aug 12 2024 00:00:00 GMT+0000 (Coordinated Universal Time),75,https://cdn.prod.website-files.com/5fe0d678b18d7e19e32c3389/66bb60e4324e5959ddf0c6e9_razom_tour.pdf,https://cdn.prod.website-files.com/5fe0d92bbc950c2267f450c4/6759b56ad4b2a6b67daacc6b_64d53ee2f21eba751d016538_logo_word.svg
"Про зупинення дії ліцензії, виданої ДП «Разом-Тур»",pro-zupinennya-diyi-licenziyi-vidanoyi-dp-razom-tur-2,66211aa77232900849a027bf,67af533f425018bb080eba8a,false,false,Fri Feb 14 2025 14:29:19 GMT+0000 (Coordinated Universal Time),Fri Feb 14 2025 14:29:19 GMT+0000 (Coordinated Universal Time),Fri Feb 14 2025 14:29:19 GMT+0000 (Coordinated Universal Time),https://cdn.prod.website-files.com/5fe0d678b18d7e19e32c3389/67af52e2e2cc1968e72caec9_license-suspended-razom-tour.pdf,Thu Feb 13 2025 00:00:00 GMT+0000 (Coordinated Universal Time),17,https://cdn.prod.website-files.com/5fe0d678b18d7e19e32c3389/67af52e2e2cc1968e72caec9_license-suspended-razom-tour.pdf,https://cdn.prod.website-files.com/5fe0d92bbc950c2267f450c4/6759b56ad4b2a6b67daacc6b_64d53ee2f21eba751d016538_logo_word.svg
"Про зупинення дії ліцензії, виданої ПП ""Освітній центр ""Інтеграл""",pro-zupinennya-diyi-licenziyi-vidanoyi-pp-osvitniy-centr-integral,66211aa77232900849a027bf,6621845ee4d012b6b10be829,false,false,Thu Apr 18 2024 20:36:46 GMT+0000 (Coordinated Universal Time),Wed Dec 11 2024 16:22:34 GMT+0000 (Coordinated Universal Time),Tue Dec 31 2024 12:08:23 GMT+0000 (Coordinated Universal Time),https://cdn.prod.website-files.com/5fe0d678b18d7e19e32c3389/6756da265e13be6de4bcc3e2_order37-2023.pdf,Tue Apr 04 2023 00:00:00 GMT+0000 (Coordinated Universal Time),37,https://cdn.prod.website-files.com/5fe0d678b18d7e19e32c3389/6756da265e13be6de4bcc3e2_order37-2023.pdf,https://cdn.prod.website-files.com/5fe0d92bbc950c2267f450c4/6759b56ad4b2a6b67daacc6b_64d53ee2f21eba751d016538_logo_word.svg
"Про зупинення дії ліцензії, виданої ПП «Освітній центр «Інтеграл»",pro-zupinennya-diyi-licenziyi-vidanoyi-pp-osvitniy-centr-integral-2,66211aa77232900849a027bf,66268c095bbc82e328301c3a,false,false,Mon Apr 22 2024 16:10:49 GMT+0000 (Coordinated Universal Time),Wed Dec 11 2024 16:05:56 GMT+0000 (Coordinated Universal Time),Tue Dec 31 2024 12:08:23 GMT+0000 (Coordinated Universal Time),https://assets-global.website-files.com/5fe0d678b18d7e19e32c3389/65fabc85e6a47f7cc1f88fb1_integral.pdf,Tue Mar 19 2024 00:00:00 GMT+0000 (Coordinated Universal Time),29,https://assets-global.website-files.com/5fe0d678b18d7e19e32c3389/65fabc85e6a47f7cc1f88fb1_integral.pdf,https://cdn.prod.website-files.com/5fe0d92bbc950c2267f450c4/6759b56ad4b2a6b67daacc6b_64d53ee2f21eba751d016538_logo_word.svg
"Про зупинення дії ліцензії, виданої ПП «Освітній центр «Інтеграл»",pro-zupinennya-diyi-licenziyi-vidanoyi-pp-osvitniy-centr-integral-3,66211aa77232900849a027bf,67dbddbe3ba0bd3eb4024591,false,false,Thu Mar 20 2025 09:19:58 GMT+0000 (Coordinated Universal Time),Thu Mar 20 2025 09:19:58 GMT+0000 (Coordinated Universal Time),Thu Mar 20 2025 09:19:58 GMT+0000 (Coordinated Universal Time),https://cdn.prod.website-files.com/5fe0d678b18d7e19e32c3389/67dbdd6d01fb2c4f741d0e42_integral.pdf,Wed Mar 19 2025 00:00:00 GMT+0000 (Coordinated Universal Time),30,https://cdn.prod.website-files.com/5fe0d678b18d7e19e32c3389/67dbdd6d01fb2c4f741d0e42_integral.pdf,https://cdn.prod.website-files.com/5fe0d92bbc950c2267f450c4/6759b56ad4b2a6b67daacc6b_64d53ee2f21eba751d016538_logo_word.svg
"Про зупинення дії ліцензії, виданої ТОВ «ПРЕМ'ЄР ВОЯЖ»",pro-zupinennya-diyi-licenziyi-vidanoyi-tov-premier-voyazh,66211aa77232900849a027bf,67570a04f840a51dac6f09ae,false,false,Mon Dec 09 2024 15:17:24 GMT+0000 (Coordinated Universal Time),Wed Dec 11 2024 15:59:14 GMT+0000 (Coordinated Universal Time),Tue Dec 31 2024 12:08:23 GMT+0000 (Coordinated Universal Time),https://cdn.prod.website-files.com/5fe0d678b18d7e19e32c3389/66ab5e5ecd73742a5477674d_premier-voyage.pdf,Tue Jul 30 2024 00:00:00 GMT+0000 (Coordinated Universal Time),72,https://cdn.prod.website-files.com/5fe0d678b18d7e19e32c3389/66ab5e5ecd73742a5477674d_premier-voyage.pdf,https://cdn.prod.website-files.com/5fe0d92bbc950c2267f450c4/6759b56ad4b2a6b67daacc6b_64d53ee2f21eba751d016538_logo_word.svg
"Про зупиненя дії ліцензії, виданої ТОВ ""ПРЕМ'ЄР ВОЯЖ""",pro-zupinenya-diyi-licenziyi-vidanoyi-tov-premier-voyazh,66211aa77232900849a027bf,67a0d5cd481df8accbc9168b,false,false,Mon Feb 03 2025 14:42:21 GMT+0000 (Coordinated Universal Time),Mon Feb 03 2025 14:44:20 GMT+0000 (Coordinated Universal Time),Wed Feb 05 2025 14:37:50 GMT+0000 (Coordinated Universal Time),https://cdn.prod.website-files.com/5fe0d678b18d7e19e32c3389/67a0d56c92b39a5b25db6827_order-12.pdf,Fri Jan 31 2025 00:00:00 GMT+0000 (Coordinated Universal Time),12,https://cdn.prod.website-files.com/5fe0d678b18d7e19e32c3389/67a0d56c92b39a5b25db6827_order-12.pdf,https://cdn.prod.website-files.com/5fe0d92bbc950c2267f450c4/6759b56ad4b2a6b67daacc6b_64d53ee2f21eba751d016538_logo_word.svg
